,returns
2021-01-05,0.0067726003517319154
2021-01-12,0.003580690780821092
2021-01-20,0.0016894173500445493
2021-01-27,-0.008474920079679947
2021-02-03,0.0023535242749025947
2021-02-10,-0.0033577547127490227
2021-02-18,-0.0023494341738450634
2021-02-25,-0.005163559900205587
2021-03-04,-0.00399620531577694
2021-03-11,0.008157882592732053
2021-03-18,-0.005963127918063653
2021-03-25,0.007726957530999828
2021-04-01,-0.0007145260603054985
2021-04-09,0.0038817779694722255
2021-04-16,0.0017103373694932564
2021-04-23,0.006044876571930408
2021-04-30,-0.003073498055965799
2021-05-07,0.002905522083908046
2021-05-14,0.0026329538369808266
2021-05-21,-0.0006611471244194477
2021-05-28,0.0007930908867264561
2021-06-07,0.0016825714279613464
2021-06-14,0.003466675807864577
2021-06-21,0.009806732004359333
2021-06-28,-0.0014523383005796053
2021-07-06,-0.004636610619649364
2021-07-13,0.0006938551589137284
2021-07-20,0.006506715798436727
2021-07-27,-0.0025566321757012535
2021-08-03,0.002396005934610616
2021-08-10,-0.0005501153502952304
2021-08-17,-0.0010074880120358018
2021-08-24,-0.0003730646951115352
2021-08-31,-0.0009766885896411123
2021-09-08,0.0007220863498102182
2021-09-15,0.0029590776408415474
2021-09-22,0.0018769713479463643
2021-09-29,0.0012114647783607233
2021-10-06,0.0020889431384150422
2021-10-13,-0.0029458980299159982
2021-10-20,-0.0008342002232571624
2021-10-27,-0.002515135488742837
2021-11-03,0.005482660037921375
2021-11-10,-0.003558888743628269
2021-11-17,-0.002975833705782629
2021-11-24,-0.0019013530264102131
2021-12-02,0.0005762777675191381
2021-12-09,0.00025904164357531755
2021-12-16,-0.0037746923254521826
2021-12-23,0.001385542619705377
2021-12-31,-0.0016893141788964458
2022-01-07,0.0009011233136966644
2022-01-14,0.002901535440860576
2022-01-24,-0.0024810267837651278
2022-01-31,-0.0027393165019355967
2022-02-07,-0.0009873661227222965
2022-02-14,0.0021295332450454903
2022-02-22,0.0026202671807811504
2022-03-01,0.009119718459030812
2022-03-08,0.005710407631540535
