,0
2021-01-05,0.006212600351731916
2021-01-12,0.003580690780821092
2021-01-20,0.0015914992500445492
2021-01-27,-0.008474920079679947
2021-02-03,0.0022872216749025946
2021-02-10,-0.0033577547127490227
2021-02-18,-0.0023922251738450633
2021-02-25,-0.005163559900205587
2021-03-04,-0.00404718141577694
2021-03-11,0.008157882592732053
2021-03-18,-0.006088129018063653
2021-03-25,0.007726957530999828
2021-04-01,-0.0007305273603054985
2021-04-09,0.0038817779694722255
2021-04-16,0.0016630047694932565
2021-04-23,0.006044876571930408
2021-04-30,-0.0031185234559657988
2021-05-07,0.002905522083908046
2021-05-14,0.0025043008369808268
2021-05-21,-0.0006611471244194477
2021-05-28,0.0005301414867264562
2021-06-07,0.0016825714279613464
2021-06-14,0.003286658207864577
2021-06-21,0.009806732004359333
2021-06-28,-0.0016088905005796053
2021-07-06,-0.004636610619649364
2021-07-13,0.0005382444589137284
2021-07-20,0.006506715798436727
2021-07-27,-0.0027131290757012533
2021-08-03,0.002396005934610616
2021-08-10,-0.0006604353502952304
2021-08-17,-0.0010074880120358018
2021-08-24,-0.00041915969511153523
2021-08-31,-0.0009766885896411123
2021-09-08,0.0006087871498102181
2021-09-15,0.0029590776408415474
2021-09-22,0.0018154301479463642
2021-09-29,0.0012114647783607233
2021-10-06,0.002019204238415042
2021-10-13,-0.0029458980299159982
2021-10-20,-0.0009837608232571625
2021-10-27,-0.002515135488742837
2021-11-03,0.0054686075379213744
2021-11-10,-0.003558888743628269
2021-11-17,-0.0030931103057826293
2021-11-24,-0.0019013530264102131
2021-12-02,0.0003763549675191381
2021-12-09,0.00025904164357531755
2021-12-16,-0.003854753425452183
2021-12-23,0.001385542619705377
2021-12-31,-0.0018257917788964458
2022-01-07,0.0009011233136966644
2022-01-14,0.002754482240860576
2022-01-24,-0.0024810267837651278
2022-01-31,-0.0029237175019355965
2022-02-07,-0.0009873661227222965
2022-02-14,0.0019398038450454903
2022-02-22,0.0026202671807811504
2022-03-01,0.008975285359030812
2022-03-08,0.005710407631540535
