,baseline,ai_native_v2_llm,ai_native_v2_deterministic,benchmark_spy,benchmark_equal_weight
2021-01-05,1.006212600351732,1.006212600351732,1.0062124459579538,1.0,1.0
2021-01-12,1.0098155365333574,1.0093761588338845,1.0101277207307406,1.0002112470063915,1.0044448348921886
2021-01-20,1.0114226572024336,1.0112304730995416,1.011728073572072,1.014052834220724,1.016251238660086
2021-01-27,1.0028509310158655,1.001369138438961,1.0031540078171957,0.9892687774586106,1.0011211625767895
2021-02-03,1.0051446734019813,1.0036246619489932,1.0056540337953592,0.9900463220822636,0.9990048687702795
2021-02-10,1.0017696441378712,0.9998945284992145,1.0019135181878924,0.9896148464544254,0.9992112555781671
2021-02-18,0.9993731855767707,0.9974801621990673,0.999534245921962,0.9854031020713542,0.9935714646233756
2021-02-25,0.9942128622703857,0.9923799675701853,0.9943032565058884,0.9616590820325075,0.9675267577624144
2021-03-04,0.9901891024508787,0.988371164964976,0.9902792602006646,0.9497584977899647,0.9534049569728787
2021-03-11,0.9982669488932756,0.996434180886802,0.9983578561471216,0.9593881513385154,0.9623853141888354
2021-03-18,0.9921893709139445,0.9903677610355546,0.9916480183531201,0.9454293976467673,0.9447641442070502
2021-03-25,0.999855976045706,0.9980202906651476,0.9992408258944925,0.9507481598891931,0.9478034353471106
2021-04-01,0.9991255538988396,0.9972912095366766,0.9985109329836751,0.9610152767298171,0.9610240932680876
2021-04-09,1.003003937462701,1.0011624725830044,1.0023869040863995,0.9680020004246978,0.9614667671469859
2021-04-16,1.004671937794522,1.0028274105499475,1.0040537210446911,0.9712374267217043,0.962312825462734
2021-04-23,1.0107450556537718,1.0088893784696704,1.0101230931014957,0.9817680803143921,0.9692634463552994
2021-04-30,1.0075930234897141,1.0055085510573745,1.0069730405642274,0.9753174111719918,0.9638786052067899
2021-05-07,1.010520607271055,1.008359692759456,1.0098987912312012,0.9824157128444829,0.9700545781474303
2021-05-14,1.0130512548736303,1.0108849287820112,1.012428017510439,0.9975010563081557,0.9856386725166397
2021-05-21,1.012381478949581,1.010216585118228,1.0117586556252842,0.9966843907787101,0.9856200361974228
2021-05-28,1.0129181843719657,1.0107521428405783,1.0122950223452687,0.9984671298416197,0.9868938259872189
2021-06-07,1.0146224915678523,1.0124528055168727,1.0139985339830466,0.9974984871157833,0.9901221712459037
2021-06-14,1.0179572089076478,1.0157803918402002,1.0173310754333,0.9997318950827798,0.9892046185825898
2021-06-21,1.0279400424473109,1.02574187791826,1.027307656042915,1.014044173156413,0.9966076246421939
2021-06-28,1.026286199477852,1.0240915715548309,1.0249349348909031,1.0160885257573515,0.9998918874269508
2021-07-06,1.0215277099865534,1.0193432576986663,1.0201109570174203,1.0142375086643456,1.0008224098815968
2021-07-13,1.0220775416160806,1.0198919135588536,1.020660121699614,1.0107799614978503,0.9950963485991551
2021-07-20,1.0287279097033413,1.0265280603855047,1.027301233231819,1.02526484881847,1.0042592314556713
2021-07-27,1.0259368381005398,1.0237429572578496,1.0245140223510143,1.020592217073032,1.0012643776310532
2021-08-03,1.0283949888531645,1.0261958514589553,1.0269687056671801,1.0288954107415371,1.0049006038851156
2021-08-10,1.0277158004484594,1.0257261100011132,1.0262905776157212,1.0301752909507718,1.0036524867454621
2021-08-17,1.0266803890997278,1.0242646883846058,1.025256533445251,1.0234222233247399,0.9977411413736204
2021-08-24,1.0262500460608557,1.0237636593819222,1.0248267358004657,1.0250466547754065,0.9989835281086508
2021-08-31,1.0252477193507494,1.0227637610973146,1.0238258778827003,1.0235280429568103,0.9979555667456381
2021-09-08,1.0258718769876622,1.0233864065323621,1.0244492658823483,1.0222811516495591,0.9956987230236098
2021-09-15,1.0289075115212245,1.0264146863658732,1.0274806886439953,1.0308196942420211,0.9987773064574704
2021-09-22,1.0307754212370885,1.0282780705317967,1.0293459940656025,1.0408751962884815,1.006141345449121
2021-09-29,1.0320241693543173,1.0295237931966066,1.0304761787145529,1.0426269481416806,1.0051651924705642
2021-10-06,1.0341080369312243,1.0316026120033783,1.0325480950655972,1.046960084638418,1.0079143657507177
2021-10-13,1.0310616601025084,1.0285636159010214,1.0295063945579583,1.0507268178630056,1.0167569918347419
2021-10-20,1.0300473420349372,1.0275517553114704,1.0284937125196862,1.0548537352608933,1.01905029212284
2021-10-27,1.0274566334099,1.0249673234251664,1.025906766005356,1.050180579445212,1.0191152690787497
2021-11-03,1.0330753905002528,1.0305724674561723,1.031517089274262,1.0565921342175864,1.022364934984083
2021-11-10,1.029398790121682,1.0269047747022493,1.0278460910355547,1.0480921195510968,1.0129748987260192
2021-11-17,1.0262147461151963,1.0239912953209074,1.0246670085427023,1.0455457988308994,1.0133930947848027
2021-11-24,1.0242635496019232,1.0219726469818589,1.0227187560130948,1.0483371105041952,1.017866110888699
2021-12-02,1.0246490362768645,1.022357271464219,1.0231035775336452,1.0643939146159347,1.0272578061517585
2021-12-09,1.0249144630473095,1.0226221045721402,1.0233685988824168,1.0572075869832707,1.0180881811086535
2021-12-16,1.0209636705100824,1.0186801485115977,1.0194237417524905,1.0478845822083223,1.009481454283359
2021-12-23,1.022378259188745,1.0200915732732083,1.020836291407563,1.0544044489790039,1.0125761436951597
2021-12-31,1.0205116093681956,1.0182733591054365,1.0189917756230742,1.0517473087134817,1.0121457333553279
2022-01-07,1.0214312161712953,1.0191196698339051,1.0198385253366515,1.0475892988860922,1.0062759686144347
2022-01-14,1.0242447303164997,1.0219268168657742,1.0226476608220518,1.0480179569301888,1.0042724606620377
2022-01-24,1.0217035517074542,1.0193913890620825,1.020110268757807,1.0524688393880928,1.0101273857687885
2022-01-31,1.0187163791515372,1.0164109766165592,1.017127801236358,1.0714246265257672,1.0265766378680448
2022-02-07,1.0177105331101006,1.015407406851485,1.0164478771259913,1.0679861465633458,1.026933105492403
2022-02-14,1.019684691915371,1.0173770980435832,1.018432366225772,1.0644944241560705,1.0243458237793297
2022-02-22,1.0223565382483417,1.0200428978640652,1.0211009093467336,1.0530705270433174,1.0181649816161602
2022-03-01,1.0315324799177914,1.029198073950848,1.0302655157335714,1.0370319746953691,1.014162925958354
2022-03-08,1.037422950863296,1.0350752144867037,1.0361487663037994,1.0291693313198473,1.0163114862200542
