,SPY,QQQ,IWM,TLT,GLD
2021-01-05,0.133453,0.077399,0.227541,-0.266667,-0.094941
2021-01-12,0.13979359508657546,0.07864958836032808,0.23828489858276616,-0.2350020820296697,-0.14494100000000001
2021-01-20,0.1339897656346841,0.09293233138622395,0.22349885274300205,-0.2464687116598719,-0.188894338576218
2021-01-27,0.13202943407737214,0.10057245711374943,0.21638140727612706,-0.2419944005785171,-0.19195916910897856
2021-02-03,0.12666357144875126,0.09050723922550041,0.1941408921134114,-0.18551956931060795,-0.2338150094204474
2021-02-10,0.15139447872769762,0.10198359508854625,0.1735572006992119,-0.20392432429832358,-0.24054840118622062
2021-02-18,0.133453,0.111403,0.13637,-0.199111,-0.197947
2021-02-25,0.1577138181914576,0.07480158938014123,0.15909496905827805,-0.19609678724973567,-0.21134558938014122
2021-03-04,0.172878,0.078004,0.13637,-0.199111,-0.197947
2021-03-11,0.172878,0.078004,0.13637,-0.199111,-0.197947
2021-03-18,0.198728,0.02818,0.179833,-0.226931,-0.166328
2021-03-25,0.198728,0.02818,0.179833,-0.226931,-0.166328
2021-04-01,0.221587,0.02818,0.179833,-0.226931,-0.166328
2021-04-09,0.221587,0.02818,0.179833,-0.226931,-0.166328
2021-04-16,0.221587,0.02818,0.112215,-0.226931,-0.166328
2021-04-23,0.221587,0.02818,0.112215,-0.226931,-0.166328
2021-04-30,0.23569743743652166,0.06524595401600518,0.08518066163211493,-0.2553718776802826,-0.11561869946868417
2021-05-07,0.221587,0.068726,0.08844,-0.226931,-0.166328
2021-05-14,0.252105,-0.01946,0.126281,-0.254178,-0.166328
2021-05-21,0.252105,-0.01946,0.126281,-0.254178,-0.166328
2021-05-28,0.295447,-0.083986,0.089726,-0.281132,0.037938
2021-06-07,0.295447,-0.083986,0.089726,-0.281132,0.037938
2021-06-14,0.295447,0.032916,0.089726,-0.281132,-0.102327
2021-06-21,0.295447,0.032916,0.089726,-0.281132,-0.102327
2021-06-28,0.259724,0.073133,0.062205,-0.231778,-0.17316
2021-07-06,0.259724,0.073133,0.062205,-0.231778,-0.17316
2021-07-13,0.259724,0.130141,-0.023928,-0.181849,-0.202393
2021-07-20,0.259724,0.130141,-0.023928,-0.181849,-0.202393
2021-07-27,0.2708809371659927,0.13815645919651506,-0.15596556811108012,-0.15017309681247326,-0.12914506128606112
2021-08-03,0.259724,0.130141,-0.133658,-0.116458,-0.15395
2021-08-10,0.234,0.163444,-0.133658,-0.070408,-0.20647
2021-08-17,0.234,0.163444,-0.133658,-0.070408,-0.20647
2021-08-24,0.234,0.163444,-0.164049,-0.034948,-0.20647
2021-08-31,0.234,0.163444,-0.164049,-0.034948,-0.20647
2021-09-08,0.193178,0.205384,-0.164049,-0.081111,-0.173537
2021-09-15,0.193178,0.205384,-0.164049,-0.081111,-0.173537
2021-09-22,0.193178,0.205384,-0.164049,-0.022459,-0.2028
2021-09-29,0.193178,0.205384,-0.164049,-0.022459,-0.2028
2021-10-06,0.224413,0.162078,-0.164049,-0.022459,-0.227886
2021-10-13,0.224413,0.162078,-0.164049,-0.022459,-0.227886
2021-10-20,0.24502159030774925,0.14574637227756226,-0.031728590307749244,-0.16317311410710722,-0.23157025817045504
2021-10-27,0.2246282600346828,0.16460620965554432,-0.07097861053571425,-0.17333038946428575,-0.1806294696902271
2021-11-03,0.224413,0.182152,-0.06112,-0.133189,-0.227886
2021-11-10,0.224413,0.182152,-0.06112,-0.133189,-0.227886
2021-11-17,0.22541975971746697,0.18903182252903197,-0.04304358683301644,-0.23205651513687678,-0.10263568421639216
2021-11-24,0.224413,0.182152,-0.034315,-0.199088,-0.153052
2021-12-02,0.202985,0.182152,-0.16526,-0.065859,-0.153052
2021-12-09,0.202985,0.182152,-0.16526,-0.065859,-0.153052
2021-12-16,0.229878,0.182152,-0.216147,-0.065859,-0.116459
2021-12-23,0.229878,0.182152,-0.216147,-0.065859,-0.116459
2021-12-31,0.23143244868301904,0.16880234981825518,-0.23258886601217568,-0.19252672103096177,-0.017451385544411658
2022-01-07,0.229878,0.14983,-0.216147,-0.159814,-0.04777
2022-01-14,0.229878,0.082503,-0.242475,-0.183002,0.045463
2022-01-24,0.229878,0.082503,-0.242475,-0.183002,0.045463
2022-01-31,0.257347,-0.039494,-0.242475,-0.132233,0.108656
2022-02-07,0.257347,-0.039494,-0.242475,-0.132233,0.108656
2022-02-14,0.185388,-0.098703,-0.242475,-0.078282,0.194579
2022-02-22,0.185388,-0.098703,-0.242475,-0.078282,0.194579
2022-03-01,0.095446,-0.185922,-0.242475,-0.078282,0.223753
2022-03-08,0.095446,-0.185922,-0.242475,-0.078282,0.223753
2022-03-15,0.049213,-0.22183,-0.162103,-0.135375,0.223753
2022-03-22,0.013672411164886891,-0.18352393738563666,-0.157045008242258,-0.1498344111648869,0.23038894562789466
2022-03-29,0.09169246659126949,-0.13897874608349897,-0.17661681727045447,-0.13512990323731605,0.173753
2022-04-05,0.11234513006476723,-0.13521016327028074,-0.17697396679448646,-0.16400166610059755,0.17856066610059756
2022-04-12,0.10388491405316586,-0.06280692686029148,-0.2112373900313287,-0.20677151674742966,0.2304251060283673
2022-04-20,0.12697910018486663,-0.10945748002006327,-0.1847118854554711,-0.18331438921838525,0.20630007644201576
2022-04-27,0.055714,-0.154374,-0.132049,-0.221047,0.223753
2022-05-04,0.055714,-0.154374,-0.132049,-0.221047,0.223753
2022-05-11,0.055714,-0.190162,-0.168655,-0.157527,0.223753
2022-05-18,0.055714,-0.190162,-0.168655,-0.157527,0.223753
2022-05-25,0.055714,-0.232446,-0.191685,-0.094343,0.223753
2022-06-02,0.055714,-0.232446,-0.191685,-0.094343,0.223753
2022-06-09,0.07528627188399808,-0.21122993917644564,-0.014302146649963189,-0.20939999826861422,0.2239704810889014
2022-06-16,0.092827,-0.210551,-0.074351,-0.187886,0.223753
2022-06-24,0.04087,-0.186605,-0.146031,-0.187886,0.223753
2022-07-01,0.04087,-0.186605,-0.146031,-0.187886,0.223753
2022-07-11,0.065878,-0.186605,-0.17186,-0.126984,0.223753
2022-07-18,0.065878,-0.186605,-0.17186,-0.126984,0.223753
2022-07-25,0.160205,-0.203962,-0.022964,-0.126984,0.084332
2022-08-01,0.160205,-0.203962,-0.022964,-0.126984,0.084332
2022-08-08,0.216586,-0.119003,0.117049,-0.217499,0.112465
2022-08-15,0.216586,-0.119003,0.117049,-0.217499,0.112465
2022-08-22,0.285508,-0.002626,0.168555,-0.266005,-0.002224
2022-08-29,0.285508,-0.002626,0.168555,-0.266005,-0.002224
2022-09-06,0.264849,-0.002626,0.168555,-0.266005,-0.105003
2022-09-13,0.264849,-0.002626,0.168555,-0.266005,-0.105003
2022-09-20,0.236004,-0.002626,0.168555,-0.223739,-0.145328
2022-09-27,0.236004,-0.002626,0.168555,-0.223739,-0.145328
2022-10-04,0.161107,-0.090944,0.152098,-0.255953,0.042786
2022-10-11,0.161107,-0.090944,0.152098,-0.255953,0.042786
2022-10-18,0.090672,-0.176011,0.13106,-0.225342,0.176914
2022-10-25,0.090672,-0.176011,0.13106,-0.225342,0.176914
2022-11-01,0.090672,-0.176011,0.099631,-0.225342,0.211448
2022-11-08,0.090672,-0.176011,0.099631,-0.225342,0.211448
2022-11-15,0.090672,-0.15586,0.126768,-0.225342,0.211448
2022-11-22,0.090672,-0.15586,0.126768,-0.225342,0.211448
2022-11-30,0.06736,-0.221221,0.045093,-0.225342,0.211448
2022-12-07,0.06736,-0.221221,0.045093,-0.225342,0.211448
2022-12-14,0.115762,-0.221221,0.045093,-0.186998,0.232837
2022-12-21,0.115762,-0.221221,0.045093,-0.186998,0.232837
2022-12-29,0.115762,-0.221221,0.070365,-0.186998,0.232837
2023-01-06,0.115762,-0.221221,0.070365,-0.186998,0.232837
2023-01-13,0.066092,-0.221221,0.043803,-0.22509,0.232837
2023-01-23,0.049291681232975185,-0.20327717053603322,0.04566878078009966,-0.2258811837254459,0.2258811837254459
2023-01-30,0.013121092326469515,-0.171221,0.01459607389981172,-0.2253485064848653,0.23171434025858398
2023-02-06,0.032533,-0.221221,0.043803,-0.22509,0.232837
2023-02-13,0.061792,-0.221221,0.022254,-0.22509,0.232837
2023-02-21,0.061792,-0.221221,0.022254,-0.22509,0.232837
2023-02-28,-0.013649,-0.13119,0.146475,-0.252845,0.255841
2023-03-07,-0.013649,-0.13119,0.146475,-0.252845,0.255841
2023-03-14,-0.087265,-0.083558,-0.077486,-0.219351,0.277139
2023-03-21,-0.087265,-0.083558,-0.077486,-0.219351,0.277139
2023-03-28,0.029561,-0.008418,-0.204018,-0.219351,0.277139
2023-04-04,0.029561,-0.008418,-0.204018,-0.219351,0.277139
2023-04-12,0.093387,0.054056,-0.235358,-0.174296,0.242904
2023-04-19,0.093387,0.054056,-0.235358,-0.174296,0.242904
2023-04-26,0.093387,0.003515,-0.273383,0.07387,0.27649
2023-05-03,0.093387,0.003515,-0.273383,0.07387,0.27649
2023-05-10,0.08396893556454815,0.10850842351379271,-0.2700361566282551,-0.11745032766514889,0.2700361566282551
2023-05-17,0.063106,0.099323,-0.273383,-0.078385,0.27649
2023-05-24,0.063106,0.170563,-0.236936,-0.147356,0.163523
2023-06-01,0.063106,0.170563,-0.236936,-0.147356,0.163523
2023-06-08,0.114339,0.217566,-0.185863,-0.208475,0.073757
2023-06-15,0.114339,0.217566,-0.185863,-0.208475,0.073757
2023-06-23,0.177297,0.217566,-0.129885,-0.208475,-0.049422
2023-06-30,0.177297,0.217566,-0.129885,-0.208475,-0.049422
2023-07-10,0.177297,0.217566,-0.129885,-0.208475,-0.049422
2023-07-17,0.177297,0.217566,-0.129885,-0.208475,-0.049422
2023-07-24,0.222474,0.217566,-0.077348,-0.230478,-0.049422
2023-07-31,0.22289480793708377,0.21694019394066527,-0.06847483438722483,-0.2596096660637321,0.011526554327074202
2023-08-07,0.261541,0.217566,-0.037366,-0.230478,-0.049422
2023-08-14,0.261541,0.217566,-0.037366,-0.230478,-0.049422
2023-08-21,0.261541,0.217566,-0.057783,-0.230478,-0.028481
2023-08-28,0.261541,0.217566,-0.057783,-0.230478,-0.028481
2023-09-05,0.261541,0.217566,-0.080835,-0.230478,-0.000859
2023-09-12,0.261541,0.217566,-0.080835,-0.230478,-0.000859
2023-09-19,0.261541,0.217566,-0.101388,-0.230478,-0.000859
2023-09-26,0.261541,0.217566,-0.101388,-0.230478,-0.000859
2023-10-03,0.209828130174978,0.208713332985978,-0.038606849039291166,-0.21646615096070887,-0.041199463160956046
2023-10-10,0.23586,0.217566,-0.074595,-0.230478,-0.026084
2023-10-17,0.202529,0.217566,-0.111431,-0.230478,0.019578
2023-10-24,0.202529,0.217566,-0.111431,-0.230478,0.019578
2023-10-31,0.132875,0.171866,-0.135383,-0.230478,0.121322
2023-11-07,0.132875,0.171866,-0.135383,-0.230478,0.121322
2023-11-14,0.107868,0.171866,-0.171566,-0.230478,0.121322
2023-11-21,0.107868,0.171866,-0.171566,-0.230478,0.121322
2023-11-29,0.139532,0.171866,-0.171566,-0.230478,0.084418
2023-12-06,0.139532,0.171866,-0.171566,-0.230478,0.084418
2023-12-13,0.17218,0.210194,-0.171566,-0.230478,0.018542
2023-12-20,0.15132578425486892,0.18104821574513105,-0.1408356512536431,-0.2170048257159146,0.02433847696955769
2023-12-28,0.1491343728909,0.20635062710910002,-0.07879966565939014,-0.22250736276423327,-0.027425971576376565
2024-01-05,0.17218,0.233305,-0.111871,-0.230478,-0.036384
2024-01-12,0.17218,0.233305,-0.111871,-0.230478,-0.061399
2024-01-22,0.17218,0.233305,-0.111871,-0.230478,-0.061399
2024-01-29,0.17218,0.211876,-0.111871,-0.191365,-0.061399
2024-02-05,0.17218,0.211876,-0.111871,-0.191365,-0.061399
2024-02-12,0.193164,0.211876,-0.111871,-0.191365,-0.061399
2024-02-20,0.193164,0.211876,-0.111871,-0.191365,-0.061399
2024-02-27,0.193164,0.211876,-0.111871,-0.221171,-0.061399
2024-03-05,0.193164,0.211876,-0.111871,-0.221171,-0.061399
2024-03-12,0.193164,0.141168,-0.147637,-0.246903,0.05627
2024-03-19,0.193164,0.141168,-0.147637,-0.246903,0.05627
2024-03-26,0.193164,0.109177,-0.147637,-0.246903,0.090044
2024-04-03,0.193164,0.109177,-0.147637,-0.246903,0.090044
2024-04-10,0.193164,0.07696,-0.147637,-0.246903,0.158251
2024-04-17,0.193164,0.07696,-0.147637,-0.246903,0.158251
2024-04-24,0.225421,0.026581,-0.113693,-0.246903,0.193803
2024-05-01,0.225421,0.026581,-0.113693,-0.246903,0.193803
2024-05-08,0.225421,0.084122,-0.113693,-0.246903,0.136851
2024-05-15,0.2174286922204473,0.07060863158295062,-0.09600282905001503,-0.214593170949985,0.10835667619660203
2024-05-22,0.225421,0.049284,-0.113693,-0.246903,0.136851
2024-05-30,0.225421,0.049284,-0.113693,-0.246903,0.136851
2024-06-06,0.225421,0.11332,-0.157747,-0.246903,0.053827
2024-06-13,0.225421,0.11332,-0.157747,-0.246903,0.053827
2024-06-21,0.246696,0.153284,-0.221447,-0.178386,-0.000186
2024-06-28,0.246696,0.153284,-0.221447,-0.178386,-0.000186
2024-07-08,0.246696,0.153284,-0.191571,-0.178386,-0.026297
2024-07-15,0.246696,0.153284,-0.191571,-0.178386,-0.026297
2024-07-22,0.246696,0.153284,-0.086325,-0.218251,-0.111642
2024-07-29,0.246696,0.153284,-0.086325,-0.218251,-0.111642
2024-08-05,0.232561,0.018865,-0.135146,-0.133183,0.005914
2024-08-12,0.232561,0.018865,-0.135146,-0.133183,0.005914
2024-08-19,0.21384404671627327,-0.030490384423260797,-0.23679705197793183,-0.044893733938035155,0.1688221130996374
2024-08-26,0.232561,-0.07003,-0.219652,-0.057336,0.156666
2024-09-03,0.232561,-0.07003,-0.16342,-0.144393,0.187427
2024-09-10,0.232561,-0.07003,-0.16342,-0.144393,0.187427
2024-09-17,0.138283,-0.169074,-0.187755,-0.010532,0.23591
2024-09-24,0.138283,-0.169074,-0.187755,-0.010532,0.23591
2024-10-01,0.10238248484366008,-0.20777401722931954,-0.249405616111674,-0.03706945996706508,0.2467654563069204
2024-10-08,0.082162,-0.210949,-0.240129,0.019403,0.23591
2024-10-15,0.162113,-0.090743,-0.194965,-0.135276,0.23591
2024-10-22,0.162113,-0.090743,-0.194965,-0.135276,0.23591
2024-10-29,0.162113,-0.042202,-0.162964,-0.200695,0.23591
2024-11-05,0.162113,-0.042202,-0.162964,-0.200695,0.23591
2024-11-12,0.213264,0.027555,-0.039246,-0.237534,0.117375
2024-11-19,0.213264,0.027555,-0.039246,-0.237534,0.117375
2024-11-26,0.264285,0.027555,0.095845,-0.274279,-0.059712
2024-12-04,0.264285,0.027555,0.095845,-0.274279,-0.059712
2024-12-11,0.285294,0.086623,-0.065308,-0.274279,0.030656
2024-12-18,0.285294,0.086623,-0.065308,-0.274279,0.030656
2024-12-26,0.263088,0.156069,-0.107858,-0.274279,0.030656
2025-01-03,0.263088,0.156069,-0.107858,-0.274279,0.030656
2025-01-13,0.194347,0.098467,-0.144627,-0.243398,0.119162
2025-01-21,0.194347,0.098467,-0.144627,-0.243398,0.119162
2025-01-28,0.194347,0.03337,-0.144627,-0.243398,0.190792
2025-02-04,0.194347,0.03337,-0.144627,-0.243398,0.190792
2025-02-11,0.160236,0.00283,-0.16945,-0.243398,0.226892
2025-02-19,0.160236,0.00283,-0.16945,-0.243398,0.226892
2025-02-26,0.160236,-0.020407,-0.21495,-0.187798,0.226892
2025-03-05,0.160236,-0.020407,-0.21495,-0.187798,0.226892
2025-03-12,0.079112,-0.056827,-0.250001,-0.187798,0.226892
2025-03-19,0.079112,-0.056827,-0.250001,-0.187798,0.226892
2025-03-26,0.016907,-0.170494,-0.290443,-0.043997,0.266777
2025-04-02,0.016907,-0.170494,-0.290443,-0.043997,0.266777
2025-04-09,-0.032478,-0.170494,-0.290443,0.034269,0.266777
2025-04-16,-0.032478,-0.170494,-0.290443,0.034269,0.266777
2025-04-24,-0.058524,-0.170494,-0.22921,0.089942,0.266777
2025-05-01,-0.058524,-0.170494,-0.22921,0.089942,0.266777
2025-05-08,-0.058524,-0.170494,-0.22921,0.062233,0.266777
2025-05-15,-0.01918336217092923,-0.15983463782907076,-0.23766255633623146,0.04674303608233968,0.2407195202538918
2025-05-22,-0.058524,-0.140237,-0.282806,-0.032678,0.266777
2025-05-30,-0.058524,-0.140237,-0.282806,-0.032678,0.266777
2025-06-06,-0.030867,-0.062067,-0.282806,-0.181061,0.266777
2025-06-13,-0.030867,-0.062067,-0.282806,-0.181061,0.266777
2025-06-23,-0.059881,-0.093154,-0.225104,-0.181061,0.266777
2025-06-30,-0.059881,-0.093154,-0.225104,-0.181061,0.266777
2025-07-08,0.069456,-0.004322,-0.196217,-0.247596,0.266777
2025-07-15,0.069456,-0.004322,-0.196217,-0.247596,0.266777
2025-07-22,0.156014,0.119543,-0.149071,-0.247596,0.124346
2025-07-29,0.156014,0.119543,-0.149071,-0.247596,0.124346
2025-08-05,0.156014,0.157242,-0.207678,-0.176694,0.092604
2025-08-12,0.156014,0.157242,-0.207678,-0.176694,0.092604
2025-08-19,0.2046085977225064,0.16439637931521317,-0.19154097703771958,-0.22443425073753812,0.0667762507375381
2025-08-26,0.1779,0.157242,-0.207678,-0.176694,0.069036
2025-09-03,0.128067,0.116867,-0.145973,-0.218397,0.190696
2025-09-10,0.128067,0.116867,-0.145973,-0.218397,0.190696
2025-09-17,0.128067,0.116867,-0.145973,-0.218397,0.169893
2025-09-24,0.128067,0.116867,-0.145973,-0.218397,0.169893
2025-10-01,0.093642,0.156105,-0.145973,-0.218397,0.169893
2025-10-08,0.093642,0.156105,-0.145973,-0.218397,0.169893
2025-10-15,0.060442,0.106322,-0.182926,-0.218397,0.216386
2025-10-22,0.060442,0.106322,-0.182926,-0.218397,0.216386
2025-10-29,0.123622,0.208312,-0.153621,-0.242761,0.035224
2025-11-05,0.123622,0.208312,-0.153621,-0.242761,0.035224
2025-11-12,0.123622,0.149137,-0.184266,-0.221066,0.111433
2025-11-19,0.123622,0.149137,-0.184266,-0.221066,0.111433
2025-11-26,0.079968,0.037035,-0.254385,-0.221066,0.204189
2025-12-04,0.079968,0.037035,-0.254385,-0.221066,0.204189
2025-12-11,0.139784,0.106818,-0.089636,-0.221066,0.228829
2025-12-18,0.139784,0.106818,-0.089636,-0.221066,0.228829
2025-12-26,0.088439,-0.016638,-0.135905,-0.293862,0.265156
2026-01-05,0.09803179418398729,-0.02596017181855481,-0.14139644226901193,-0.2534547941839873,0.22996961408756678
2026-01-12,0.110607,-0.088264,-0.092763,-0.259335,0.265156
2026-01-20,0.110607,-0.088264,-0.092763,-0.259335,0.265156
2026-01-27,0.061589,-0.158343,-0.092763,-0.259335,0.265156
2026-02-03,0.061589,-0.158343,-0.092763,-0.259335,0.265156
2026-02-10,0.083417,-0.158343,0.01974,-0.259335,0.265156
2026-02-18,0.083417,-0.158343,0.01974,-0.259335,0.265156
2026-02-25,0.083417,-0.21202,0.041546,-0.217541,0.265156
