Date,cash
2020-01-02,981652.0576959992
2020-01-03,981652.0576959992
2020-01-06,981652.0576959992
2020-01-07,981652.0576959992
2020-01-08,981652.0576959992
2020-01-09,981652.0576959992
2020-01-10,981652.0576959992
2020-01-13,981652.0576959992
2020-01-14,981652.0576959992
2020-01-15,981652.0576959992
2020-01-16,981652.0576959992
2020-01-17,981652.0576959992
2020-01-21,981652.0576959992
2020-01-22,981652.0576959992
2020-01-23,981652.0576959992
2020-01-24,981652.0576959992
2020-01-27,981652.0576959992
2020-01-28,981652.0576959992
2020-01-29,981652.0576959992
2020-01-30,981652.0576959992
2020-01-31,981652.0576959992
2020-02-03,981652.0576959992
2020-02-04,981652.0576959992
2020-02-05,981652.0576959992
2020-02-06,981652.0576959992
2020-02-07,981652.0576959992
2020-02-10,981652.0576959992
2020-02-11,981652.0576959992
2020-02-12,981652.0576959992
2020-02-13,981652.0576959992
2020-02-14,981652.0576959992
2020-02-18,981652.0576959992
2020-02-19,981652.0576959992
2020-02-20,981652.0576959992
2020-02-21,981652.0576959992
2020-02-24,981652.0576959992
2020-02-25,981652.0576959992
2020-02-26,981652.0576959992
2020-02-27,981652.0576959992
2020-02-28,981652.0576959992
2020-03-02,981652.0576959992
2020-03-03,981652.0576959992
2020-03-04,981652.0576959992
2020-03-05,981652.0576959992
2020-03-06,981652.0576959992
2020-03-09,981652.0576959992
2020-03-10,981652.0576959992
2020-03-11,981652.0576959992
2020-03-12,981652.0576959992
2020-03-13,981652.0576959992
2020-03-16,981652.0576959992
2020-03-17,981652.0576959992
2020-03-18,981652.0576959992
2020-03-19,981652.0576959992
2020-03-20,981652.0576959992
2020-03-23,981652.0576959992
2020-03-24,981652.0576959992
2020-03-25,981652.0576959992
2020-03-26,981652.0576959992
2020-03-27,981652.0576959992
2020-03-30,981652.0576959992
2020-03-31,981652.0576959992
2020-04-01,981652.0576959992
2020-04-02,982029.5423694282
2020-04-03,982029.5423694282
2020-04-06,982182.9552651008
2020-04-07,982182.9552651008
2020-04-08,982434.6786797255
2020-04-09,981984.6456924075
2020-04-13,982145.942725208
2020-04-14,981983.1488402694
2020-04-15,981983.1488402694
2020-04-16,981983.1488402694
2020-04-17,982141.6078644455
2020-04-20,982141.6078644455
2020-04-21,981998.121356163
2020-04-22,981998.121356163
2020-04-23,981998.121356163
2020-04-24,981998.121356163
2020-04-27,981998.121356163
2020-04-28,981998.121356163
2020-04-29,981998.121356163
2020-04-30,981998.121356163
2020-05-01,981998.121356163
2020-05-04,981998.121356163
2020-05-05,981998.121356163
2020-05-06,981998.121356163
2020-05-07,981998.121356163
2020-05-08,981998.121356163
2020-05-11,981998.121356163
2020-05-12,981998.121356163
2020-05-13,981998.121356163
2020-05-14,981998.121356163
2020-05-15,981998.121356163
2020-05-18,982121.3081867498
2020-05-19,982121.3081867498
2020-05-20,982121.3081867498
2020-05-21,982121.3081867498
2020-05-22,982121.3081867498
2020-05-26,982121.3081867498
2020-05-27,982121.3081867498
2020-05-28,982121.3081867498
2020-05-29,981932.2822221535
2020-06-01,981932.2822221535
2020-06-02,981905.1732173288
2020-06-03,982064.6615193881
2020-06-04,982064.6615193881
2020-06-05,981960.3439342008
2020-06-08,982046.1145535541
2020-06-09,982074.154459899
2020-06-10,981809.0856362289
2020-06-11,981758.9614475913
2020-06-12,982031.1943013167
2020-06-15,981448.772793467
2020-06-16,981585.0899169903
2020-06-17,981740.5617527722
2020-06-18,981604.288283359
2020-06-19,982396.2549483996
2020-06-22,982883.3898971309
2020-06-23,982228.8922518059
2020-06-24,982199.6048107728
2020-06-25,982218.4407783789
2020-06-26,982107.2949895472
2020-06-29,982273.8083700896
2020-06-30,982296.7171590201
2020-07-01,982181.2340460637
2020-07-02,982181.2340460637
2020-07-06,982181.2340460637
2020-07-07,981780.1779313243
2020-07-08,981780.1779313243
2020-07-09,981630.076969445
2020-07-10,981694.4926936316
2020-07-13,981774.9242232891
2020-07-14,981663.1754385973
2020-07-15,981723.8891538887
2020-07-16,981751.9729004733
2020-07-17,981662.2955664812
2020-07-20,981662.2955664812
2020-07-21,981452.1796275775
2020-07-22,981731.04321318
2020-07-23,981664.8657805367
2020-07-24,981664.8657805367
2020-07-27,981744.6846237812
2020-07-28,981785.1292195691
2020-07-29,981676.371127358
2020-07-30,981492.4824824791
2020-07-31,981376.1001053872
2020-08-03,981376.1001053872
2020-08-04,981493.2517744986
2020-08-05,981420.6529384383
2020-08-06,981778.9146757685
2020-08-07,981708.1479075332
2020-08-10,981708.1479075332
2020-08-11,981528.1512346319
2020-08-12,981618.3999269983
2020-08-13,981399.9073482273
2020-08-14,981399.9073482273
2020-08-17,981616.1054866923
2020-08-18,981441.7203011442
2020-08-19,981668.1227468664
2020-08-20,981623.3679905122
2020-08-21,981623.3679905122
2020-08-24,981664.5668850277
2020-08-25,981475.7265900897
2020-08-26,981520.8832495383
2020-08-27,981288.7560059464
2020-08-28,981337.3915024736
2020-08-31,981473.726617722
2020-09-01,981288.547061163
2020-09-02,981522.2629395276
2020-09-03,981894.3233941317
2020-09-04,981709.1693556282
2020-09-08,982081.1742681888
2020-09-09,982257.062364633
2020-09-10,981704.3078023423
2020-09-11,981826.6308156616
2020-09-14,981688.0290266585
2020-09-15,981733.085957348
2020-09-16,981733.085957348
2020-09-17,981904.6724354601
2020-09-18,982162.6756924675
2020-09-21,981902.9494252742
2020-09-22,981902.9494252742
2020-09-23,982194.3818091966
2020-09-24,982194.3818091966
2020-09-25,982369.1993711302
2020-09-28,982369.1993711302
2020-09-29,982229.3497303575
2020-09-30,981918.6952289921
2020-10-01,981918.6952289921
2020-10-02,981918.6952289921
2020-10-05,982053.1187345047
2020-10-06,982053.1187345047
2020-10-07,982100.0756016772
2020-10-08,982100.0756016772
2020-10-09,982100.0756016772
2020-10-12,982384.8199256457
2020-10-13,982546.3148460714
2020-10-14,982546.3148460714
2020-10-15,982546.3148460714
2020-10-16,982266.999774974
2020-10-19,982405.3003438177
2020-10-20,982405.3003438177
2020-10-21,982271.4224560176
2020-10-22,982403.7231044864
2020-10-23,982536.8324669353
2020-10-26,982358.1574610263
2020-10-27,982358.1574610263
2020-10-28,982692.2197165487
2020-10-29,982520.1810646816
2020-10-30,982343.8577101155
2020-11-02,982649.733199599
2020-11-03,982666.4368789152
2020-11-04,982565.8444780643
2020-11-05,982896.9873863063
2020-11-06,982562.8814151449
2020-11-09,982305.3438867126
2020-11-10,982305.3438867126
2020-11-11,982460.7169011622
2020-11-12,982090.5408719588
2020-11-13,982378.3557247156
2020-11-16,982411.2201845523
2020-11-17,982431.7626226499
2020-11-18,982627.2938309241
2020-11-19,982627.2938309241
2020-11-20,982763.4976904463
2020-11-23,982187.1110595352
2020-11-24,982187.1110595352
2020-11-25,982560.7331522828
2020-11-27,982527.9416418807
2020-11-30,982392.8053358365
2020-12-01,982732.9271032342
2020-12-02,982732.9271032342
2020-12-03,981851.7379920083
2020-12-04,982364.1006254476
2020-12-07,981557.3620559112
2020-12-08,981525.2281385133
2020-12-09,981520.2341681288
2020-12-10,981520.2341681288
2020-12-11,981654.2638149747
2020-12-14,981654.2638149747
2020-12-15,981520.8663047556
2020-12-16,981221.7335665259
2020-12-17,981185.5531183231
2020-12-18,981125.2507074241
2020-12-21,980958.2654136395
2020-12-22,981224.8973318068
2020-12-23,980882.4743585566
2020-12-24,980882.4743585566
2020-12-28,981015.4523585427
2020-12-29,981015.4523585427
2020-12-30,980882.1695984037
2020-12-31,980882.1695984037
2021-01-04,980764.3770127065
2021-01-05,980682.4660592495
2021-01-06,980138.9188472213
2021-01-07,980572.2736549549
2021-01-08,979998.0062792312
2021-01-11,980609.3607625787
2021-01-12,980126.0361063454
2021-01-13,980081.5424903785
2021-01-14,980081.5424903785
2021-01-15,980081.5424903785
2021-01-19,980081.5424903785
2021-01-20,979899.1833145123
2021-01-21,979899.1833145123
2021-01-22,979899.1833145123
2021-01-25,979899.1833145123
2021-01-26,979899.1833145123
2021-01-27,980426.7408638899
2021-01-28,980426.7408638899
2021-01-29,979689.0472083995
2021-02-01,979910.2697932429
2021-02-02,980082.2593340637
2021-02-03,979910.289015771
2021-02-04,979718.5522588779
2021-02-05,979497.6794906629
2021-02-08,979259.6745682133
2021-02-09,979622.7172022267
2021-02-10,980025.3741919002
2021-02-11,979997.9858522634
2021-02-12,979796.1285162034
2021-02-16,979307.9306371144
2021-02-17,979431.2741420257
2021-02-18,979233.4885333072
2021-02-19,979187.5730912328
2021-02-22,979188.2469917359
2021-02-23,979499.6092084377
2021-02-24,979380.286669724
2021-02-25,980150.4439140646
2021-02-26,978766.2506886633
2021-03-01,978685.7311585911
2021-03-02,979234.0404955702
2021-03-03,979533.4704872102
2021-03-04,979607.1565559501
2021-03-05,979891.1852823456
2021-03-08,979976.2068384228
2021-03-09,979959.677046252
2021-03-10,980041.5526312292
2021-03-11,980041.5526312292
2021-03-12,979858.5992302725
2021-03-15,979742.5090783967
2021-03-16,979742.5090783967
2021-03-17,979742.5090783967
2021-03-18,980093.3431551459
2021-03-19,979789.6335149176
2021-03-22,980214.0252094585
2021-03-23,979860.507890339
2021-03-24,980045.6918651321
2021-03-25,980249.3140054289
2021-03-26,980249.3140054289
2021-03-29,979942.5308343119
2021-03-30,979942.5308343119
2021-03-31,979617.060179346
2021-04-01,979523.1270990833
2021-04-05,979740.3613695521
2021-04-06,979845.9947575586
2021-04-07,979523.9553991412
2021-04-08,980185.1179062967
2021-04-09,979473.1535001403
2021-04-12,980405.8144055177
2021-04-13,980137.4006982655
2021-04-14,979927.2252913174
2021-04-15,979927.2252913174
2021-04-16,980093.4588690518
2021-04-19,979927.4527300735
2021-04-20,979927.4527300735
2021-04-21,979968.3157299106
2021-04-22,980353.0994538163
2021-04-23,980353.0994538163
2021-04-26,980234.3023223557
2021-04-27,980351.8983726252
2021-04-28,979526.9230663342
2021-04-29,979526.9230663342
2021-04-30,978912.4192588836
2021-05-03,978806.9132432975
2021-05-04,978806.9132432975
2021-05-05,978806.9132432975
2021-05-06,978636.7341867347
2021-05-07,978636.7341867347
2021-05-10,978952.6402790559
2021-05-11,979166.9741403614
2021-05-12,979808.3886818466
2021-05-13,979637.1388688473
2021-05-14,979909.3386616323
2021-05-17,979909.3386616323
2021-05-18,980002.5897483552
2021-05-19,980002.5897483552
2021-05-20,980002.5897483552
2021-05-21,980002.5897483552
2021-05-24,980002.5897483552
2021-05-25,980121.054849374
2021-05-26,979729.3765608897
2021-05-27,980788.6288355093
2021-05-28,980752.5542203056
2021-06-01,980477.8874542507
2021-06-02,980477.8874542507
2021-06-03,980436.7842399384
2021-06-04,979728.8599399666
2021-06-07,979440.5722597112
2021-06-08,979627.1454931496
2021-06-09,979570.5742392726
2021-06-10,979748.189844536
2021-06-11,980010.5262561766
2021-06-14,979613.0626397002
2021-06-15,979613.0626397002
2021-06-16,979834.9890678455
2021-06-17,978945.8691984973
2021-06-18,978904.7930790245
2021-06-21,978691.8876386597
2021-06-22,978477.0701901467
2021-06-23,978994.6622178287
2021-06-24,978872.4188353088
2021-06-25,978480.4422606928
2021-06-28,978496.8190980987
2021-06-29,978496.8190980987
2021-06-30,978331.0731356494
2021-07-01,978777.2297537754
2021-07-02,978494.0761870657
2021-07-06,978494.0761870657
2021-07-07,978494.0761870657
2021-07-08,978728.8142058891
2021-07-09,978715.7166029454
2021-07-12,978546.5982860454
2021-07-13,978546.5982860454
2021-07-14,977909.650921429
2021-07-15,978666.763438987
2021-07-16,978540.3431077419
2021-07-19,978283.8148714299
2021-07-20,978517.9435004233
2021-07-21,978292.5716358557
2021-07-22,978011.5854019123
2021-07-23,978011.5854019123
2021-07-26,978011.5854019123
2021-07-27,978011.5854019123
2021-07-28,978011.5854019123
2021-07-29,978011.5854019123
2021-07-30,977600.3969123786
2021-08-02,978138.6439986065
2021-08-03,977782.0181262166
2021-08-04,978193.0714150436
2021-08-05,978064.0974367379
2021-08-06,977120.9480780817
2021-08-09,976888.7832654807
2021-08-10,976888.7832654807
2021-08-11,975669.8074732833
2021-08-12,975609.2562466494
2021-08-13,974893.6073795373
2021-08-16,974893.6073795373
2021-08-17,974893.6073795373
2021-08-18,975304.8479456444
2021-08-19,974950.9929021355
2021-08-20,974950.9929021355
2021-08-23,974794.8393118103
2021-08-24,974794.8393118103
2021-08-25,974585.0645147229
2021-08-26,974585.0645147229
2021-08-27,974798.1695762629
2021-08-30,974798.1695762629
2021-08-31,974798.1695762629
2021-09-01,974798.1695762629
2021-09-02,974852.6902765398
2021-09-03,974979.2226643215
2021-09-07,974351.982667496
2021-09-08,974225.48677527
2021-09-09,974773.7513814577
2021-09-10,974606.4543460689
2021-09-13,974606.4543460689
2021-09-14,974657.5262061073
2021-09-15,974657.5262061073
2021-09-16,974912.1036344013
2021-09-17,974732.2655355665
2021-09-20,976102.5175964095
2021-09-21,975912.0625048893
2021-09-22,975746.5266961796
2021-09-23,975298.2906430846
2021-09-24,975298.2906430846
2021-09-27,975512.0696710616
2021-09-28,976312.0791004347
2021-09-29,976312.0791004347
2021-09-30,976755.9017683866
2021-10-01,976240.6283750312
2021-10-04,977204.6143484104
2021-10-05,976830.9547389759
2021-10-06,977345.4513242018
2021-10-07,977345.4513242018
2021-10-08,977345.4513242018
2021-10-11,977224.2829812051
2021-10-12,977182.5756325278
2021-10-13,976730.2552677814
2021-10-14,977209.2599781953
2021-10-15,977415.5150251908
2021-10-18,977309.1011800907
2021-10-19,977309.1011800907
2021-10-20,977309.1011800907
2021-10-21,977475.7344717657
2021-10-22,977598.9648052086
2021-10-25,977258.712540061
2021-10-26,977258.712540061
2021-10-27,976757.3736252916
2021-10-28,977061.845738489
2021-10-29,977061.845738489
2021-11-01,976849.9652858571
2021-11-02,976849.9652858571
2021-11-03,976311.8115212554
2021-11-04,976901.0402608163
2021-11-05,976858.8947562008
2021-11-08,977029.2254551962
2021-11-09,976987.0500089205
2021-11-10,977192.3639466596
2021-11-11,977192.3639466596
2021-11-12,977631.3092297481
2021-11-15,977191.5984969437
2021-11-16,977315.8248140229
2021-11-17,977049.8240008965
2021-11-18,976827.7851458439
2021-11-19,976434.5761233565
2021-11-22,976331.9774237374
2021-11-23,976331.9774237374
2021-11-24,976238.7297963627
2021-11-26,976939.3823335498
2021-11-29,976950.5731740826
2021-11-30,977510.8918863273
2021-12-01,977712.2278165839
2021-12-02,977845.6253614015
2021-12-03,977881.5835891258
2021-12-06,978485.7382517266
2021-12-07,979015.7701275912
2021-12-08,978574.0933586833
2021-12-09,978408.0972212091
2021-12-10,978408.0972212091
2021-12-13,978789.3551857623
2021-12-14,978789.3551857623
2021-12-15,979600.3888147366
2021-12-16,979329.6421778777
2021-12-17,979329.6421778777
2021-12-20,979329.6421778777
2021-12-21,979599.0240028454
2021-12-22,979853.6744006226
2021-12-23,979853.6744006226
2021-12-27,980303.5792013758
2021-12-28,979630.5424358501
2021-12-29,979630.5424358501
2021-12-30,979807.2342914393
2021-12-31,979978.0746432445
2022-01-03,978976.7292812578
2022-01-04,978976.7292812578
2022-01-05,979500.2632598309
2022-01-06,979225.3993667758
2022-01-07,979225.3993667758
2022-01-10,979225.3993667758
2022-01-11,979272.2101274725
2022-01-12,979374.5135534102
2022-01-13,979427.3371792594
2022-01-14,979647.7778792542
2022-01-18,979985.0132476145
2022-01-19,979730.5192164467
2022-01-20,980151.6627587157
2022-01-21,980612.1713855902
2022-01-24,980612.1713855902
2022-01-25,980439.4705604998
2022-01-26,980200.0294183085
2022-01-27,979912.1431635069
2022-01-28,980503.914388685
2022-01-31,980990.7924969094
2022-02-01,980990.7924969094
2022-02-02,980990.7924969094
2022-02-03,981820.8374219133
2022-02-04,981839.7160479014
2022-02-07,981669.4869532796
2022-02-08,981669.4869532796
2022-02-09,981981.6845974287
2022-02-10,982234.5714746967
2022-02-11,981992.4640143181
2022-02-14,981992.4640143181
2022-02-15,981876.3151742277
2022-02-16,982051.0527903236
2022-02-17,982051.0527903236
2022-02-18,981873.8087934979
2022-02-22,982278.757074765
2022-02-23,982583.6426639789
2022-02-24,983141.492383492
2022-02-25,983023.717237775
2022-02-28,983259.8709409655
2022-03-01,982573.2316698566
2022-03-02,982745.6417329713
2022-03-03,982334.3299577228
2022-03-04,982329.4958426566
2022-03-07,982209.5829479916
2022-03-08,981963.5999762367
2022-03-09,982067.796384929
2022-03-10,982138.211289561
2022-03-11,982534.2040816904
2022-03-14,982071.1806418342
2022-03-15,982023.2854128632
2022-03-16,982445.0288377659
2022-03-17,982445.0288377659
2022-03-18,982363.2934808005
2022-03-21,982054.640671627
2022-03-22,982054.640671627
2022-03-23,982167.7863400601
2022-03-24,982167.7863400601
2022-03-25,981971.9424012038
2022-03-28,981719.15939116
2022-03-29,981920.0332427083
2022-03-30,981920.0332427083
2022-03-31,981920.0332427083
2022-04-01,981920.0332427083
2022-04-04,981944.6057305759
2022-04-05,982055.3308531246
2022-04-06,982165.1597680412
2022-04-07,981984.6935156719
2022-04-08,981984.6935156719
2022-04-11,981984.6935156719
2022-04-12,981984.6935156719
2022-04-13,981984.6935156719
2022-04-14,982088.7487720709
2022-04-18,981985.0654935297
2022-04-19,981975.2469882419
2022-04-20,981897.2398872416
2022-04-21,981897.2398872416
2022-04-22,981793.6946828987
2022-04-25,981970.6207686533
2022-04-26,982186.6454836552
2022-04-27,982186.6454836552
2022-04-28,982629.3114711264
2022-04-29,982452.2776127707
2022-05-02,982310.9612330481
2022-05-03,982412.7939097675
2022-05-04,982639.1095696121
2022-05-05,982954.7487666188
2022-05-06,982652.994351708
2022-05-09,983009.3614997531
2022-05-10,982843.1335869672
2022-05-11,982660.1740693491
2022-05-12,982356.9447495593
2022-05-13,982862.164388175
2022-05-16,983032.4451191158
2022-05-17,982862.9965693505
2022-05-18,983064.0052257791
2022-05-19,983064.0052257791
2022-05-20,983166.3040143319
2022-05-23,983166.3040143319
2022-05-24,982793.3152844077
2022-05-25,982612.1214737326
2022-05-26,982903.7876769798
2022-05-27,983090.5925457586
2022-05-31,983019.9482733834
2022-06-01,983091.4164004169
2022-06-02,983169.8216126172
2022-06-03,983755.9163926434
2022-06-06,982992.749353906
2022-06-07,983367.7296217425
2022-06-08,983440.6446027895
2022-06-09,983440.6446027895
2022-06-10,983342.1248640817
2022-06-13,983416.5076565659
2022-06-14,983341.9124231177
2022-06-15,983608.411118553
2022-06-16,983511.6665857255
2022-06-17,983511.6665857255
2022-06-21,983697.1197598588
2022-06-22,983438.962440588
2022-06-23,983627.6253260885
2022-06-24,983623.982221016
2022-06-27,983623.982221016
2022-06-28,983815.7453179912
2022-06-29,983914.2136823409
2022-06-30,983745.6357367763
2022-07-01,983745.6357367763
2022-07-05,983445.7214824546
2022-07-06,983607.7480000586
2022-07-07,983607.7480000586
2022-07-08,983607.7480000586
2022-07-11,983446.2049902449
2022-07-12,983446.2049902449
2022-07-13,983446.2049902449
2022-07-14,983446.2049902449
2022-07-15,983446.2049902449
2022-07-18,983610.4022134602
2022-07-19,983610.4022134602
2022-07-20,983827.1630948033
2022-07-21,983667.057154546
2022-07-22,983769.7755405742
2022-07-25,983769.7755405742
2022-07-26,983449.4714660033
2022-07-27,983611.0283113406
2022-07-28,983774.5537790947
2022-07-29,983596.1702368624
2022-08-01,983309.7153784182
2022-08-02,983247.5441139777
2022-08-03,983247.5441139777
2022-08-04,983097.4515255237
2022-08-05,982852.8136747681
2022-08-08,982852.8136747681
2022-08-09,983019.8966484384
2022-08-10,982852.999886982
2022-08-11,982952.2939135856
2022-08-12,982784.3063926848
2022-08-15,982949.9004189649
2022-08-16,982949.9004189649
2022-08-17,982949.9004189649
2022-08-18,981952.2238361202
2022-08-19,982310.7566410489
2022-08-22,982212.8272888311
2022-08-23,982375.4833703776
2022-08-24,982375.4833703776
2022-08-25,982375.4833703776
2022-08-26,982661.6409559059
2022-08-29,982376.5387232332
2022-08-30,982278.3486142465
2022-08-31,982278.3486142465
2022-09-01,982373.6858936843
2022-09-02,982373.6858936843
2022-09-06,982467.187720069
2022-09-07,982467.187720069
2022-09-08,982467.187720069
2022-09-09,982467.187720069
2022-09-12,982076.3443052216
2022-09-13,982792.4238463056
2022-09-14,982792.4238463056
2022-09-15,982853.2444040608
2022-09-16,982280.5629627763
2022-09-19,982124.4937684617
2022-09-20,982279.4552422878
2022-09-21,982185.3520532211
2022-09-22,982276.9228132826
2022-09-23,982139.2872716698
2022-09-26,981960.7584899474
2022-09-27,981701.5677141473
2022-09-28,981219.9974518444
2022-09-29,981835.9398760262
2022-09-30,981835.9398760262
2022-10-03,981477.3855609724
2022-10-04,981862.526860187
2022-10-05,982022.2250067283
2022-10-06,982022.2250067283
2022-10-07,982279.9997917846
2022-10-10,982091.5758485431
2022-10-11,982091.5758485431
2022-10-12,982275.491268628
2022-10-13,982275.491268628
2022-10-14,982275.491268628
2022-10-17,982275.491268628
2022-10-18,982275.491268628
2022-10-19,982275.491268628
2022-10-20,982192.6454899673
2022-10-21,982346.687594283
2022-10-24,982346.687594283
2022-10-25,982080.0520542472
2022-10-26,981924.9635570247
2022-10-27,981647.0962348494
2022-10-28,982299.2045084242
2022-10-31,982451.0081902747
2022-11-01,982250.2155199716
2022-11-02,982562.5386531301
2022-11-03,982562.5386531301
2022-11-04,982663.6473755738
2022-11-07,982663.6473755738
2022-11-08,982181.6110454493
2022-11-09,982455.5671084141
2022-11-10,982568.5090184895
2022-11-11,982568.5090184895
2022-11-14,982568.5090184895
2022-11-15,982402.8931519395
2022-11-16,982491.5257309217
2022-11-17,982491.5257309217
2022-11-18,982491.5257309217
2022-11-21,982491.5257309217
2022-11-22,982491.5257309217
2022-11-23,982581.7753719094
2022-11-25,982360.6828114718
2022-11-28,982083.7982738082
2022-11-29,982083.7982738082
2022-11-30,982205.786077329
2022-12-01,982119.4211445468
2022-12-02,982119.4211445468
2022-12-05,982365.9188390457
2022-12-06,982365.9188390457
2022-12-07,982193.9954743785
2022-12-08,982289.6469182391
2022-12-09,981846.2415535133
2022-12-12,981724.2959767022
2022-12-13,981508.8334534323
2022-12-14,981816.2491080181
2022-12-15,981720.9795603524
2022-12-16,981887.6528173222
2022-12-19,981721.2163693608
2022-12-20,981525.1189526219
2022-12-21,981972.593887808
2022-12-22,981729.775780021
2022-12-23,981729.775780021
2022-12-27,981808.1044044595
2022-12-28,981975.5413505537
2022-12-29,981975.5413505537
2022-12-30,981975.5413505537
2023-01-03,981893.47279578
2023-01-04,981619.3180127434
2023-01-05,981619.3180127434
2023-01-06,981619.3180127434
2023-01-09,981527.6964400621
2023-01-10,981444.1673774722
2023-01-11,981444.1673774722
2023-01-12,981444.1673774722
2023-01-13,981061.8789590179
2023-01-17,981155.0302923592
2023-01-18,981250.580201725
2023-01-19,980877.7506713133
2023-01-20,981077.578785407
2023-01-23,981164.1178890072
2023-01-24,980983.7116762007
2023-01-25,980983.7116762007
2023-01-26,981629.9809593543
2023-01-27,981245.2773761896
2023-01-30,981245.2773761896
2023-01-31,981159.8679888021
2023-02-01,981159.8679888021
2023-02-02,981020.0795717004
2023-02-03,980781.6784274222
2023-02-06,980781.6784274222
2023-02-07,981111.6112582259
2023-02-08,981018.5303221183
2023-02-09,981060.0549514221
2023-02-10,981233.2936173681
2023-02-13,980485.3334693002
2023-02-14,980485.3334693002
2023-02-15,980088.1948177214
2023-02-16,980294.0370897024
2023-02-17,980465.1772193392
2023-02-21,980303.7528063627
2023-02-22,980303.7528063627
2023-02-23,980303.7528063627
2023-02-24,980303.7528063627
2023-02-27,980383.3640698356
2023-02-28,980383.3640698356
2023-03-01,980471.9625006766
2023-03-02,980471.9625006766
2023-03-03,979868.0954031647
2023-03-06,979788.2619246014
2023-03-07,980248.381284092
2023-03-08,980450.7238950866
2023-03-09,980247.4541987415
2023-03-10,979970.449800169
2023-03-13,979577.3071904331
2023-03-14,980152.0957223264
2023-03-15,980039.0869499089
2023-03-16,980061.1608955179
2023-03-17,979842.2980978267
2023-03-20,979556.6231447469
2023-03-21,979736.8668989044
2023-03-22,979341.8188212407
2023-03-23,979810.1112866666
2023-03-24,979522.0764284106
2023-03-27,979050.2900558263
2023-03-28,979233.6016686099
2023-03-29,979696.4775833281
2023-03-30,979527.3334762905
2023-03-31,979527.3334762905
2023-04-03,979711.7443100354
2023-04-04,979223.265228355
2023-04-05,979223.265228355
2023-04-06,979390.9289262732
2023-04-10,978778.4299886185
2023-04-11,979088.5382008003
2023-04-12,979275.5971889589
2023-04-13,979181.6160869533
2023-04-14,979500.9307980082
2023-04-17,979500.9307980082
2023-04-18,979672.5766159461
2023-04-19,979273.7682476324
2023-04-20,979273.7682476324
2023-04-21,979457.8892910574
2023-04-24,978749.8742726888
2023-04-25,979444.7480025336
2023-04-26,979138.0990195341
2023-04-27,979664.352952935
2023-04-28,979347.1928625955
2023-05-01,979130.0568430452
2023-05-02,978348.3848784459
2023-05-03,978537.3625209668
2023-05-04,978518.8661405491
2023-05-05,978708.6856440922
2023-05-08,978896.2442823008
2023-05-09,978184.2715695518
2023-05-10,978184.2715695518
2023-05-11,978464.5585890422
2023-05-12,978464.5585890422
2023-05-15,978464.5585890422
2023-05-16,978142.8755895562
2023-05-17,978221.554039407
2023-05-18,978221.554039407
2023-05-19,978405.0655091611
2023-05-22,977852.8733911047
2023-05-23,978008.8870533138
2023-05-24,978008.8870533138
2023-05-25,977919.7950376564
2023-05-26,978080.83660198
2023-05-30,978080.83660198
2023-05-31,978080.83660198
2023-06-01,978080.83660198
2023-06-02,978173.2002215901
2023-06-05,978173.2002215901
2023-06-06,977756.25895822
2023-06-07,978098.7595221786
2023-06-08,977430.8560279906
2023-06-09,977870.0566865565
2023-06-12,978277.1573223043
2023-06-13,977679.8975539067
2023-06-14,978039.1687205321
2023-06-15,978038.1188607046
2023-06-16,978189.5174494641
2023-06-20,978277.1137349113
2023-06-21,978545.4506842637
2023-06-22,977792.6368502753
2023-06-23,978032.4483141465
2023-06-26,978205.495161397
2023-06-27,978442.6819995258
2023-06-28,978442.6819995258
2023-06-29,978200.2289098105
2023-06-30,978449.6899197432
2023-07-03,978199.0867503893
2023-07-05,978199.0867503893
2023-07-06,978356.7798090867
2023-07-07,978446.795912948
2023-07-10,978446.795912948
2023-07-11,978446.795912948
2023-07-12,978446.795912948
2023-07-13,978446.795912948
2023-07-14,978355.5851846398
2023-07-17,978609.0508807326
2023-07-18,978518.1225278649
2023-07-19,978609.9494332927
2023-07-20,978360.4656695846
2023-07-21,978542.5181544835
2023-07-24,978799.3870561568
2023-07-25,978799.3870561568
2023-07-26,978285.178034074
2023-07-27,978465.4717562862
2023-07-28,977763.9261832229
2023-07-31,977946.1485625572
2023-08-01,977950.6806075177
2023-08-02,978741.3154459058
2023-08-03,978646.4849998469
2023-08-04,978120.6395581153
2023-08-07,977770.4908570976
2023-08-08,977770.4908570976
2023-08-09,978384.5566099614
2023-08-10,977676.139754144
2023-08-11,978380.9615288668
2023-08-14,978380.9615288668
2023-08-15,978631.727308078
2023-08-16,978456.0343841916
2023-08-17,978631.2116947712
2023-08-18,978539.6282122255
2023-08-21,978969.6124883324
2023-08-22,978969.6124883324
2023-08-23,978441.188119626
2023-08-24,979040.0642470242
2023-08-25,978589.0691145337
2023-08-28,978767.0744462261
2023-08-29,978500.8167584983
2023-08-30,978681.0105598493
2023-08-31,978681.0105598493
2023-09-01,978857.4272245865
2023-09-05,978857.4272245865
2023-09-06,979107.9062141135
2023-09-07,979359.1328476756
2023-09-08,979432.7413468668
2023-09-11,979432.7413468668
2023-09-12,979432.7413468668
2023-09-13,979432.7413468668
2023-09-14,979432.7413468668
2023-09-15,979432.7413468668
2023-09-18,979432.7413468668
2023-09-19,979617.5897399989
2023-09-20,979503.5364353231
2023-09-21,979646.4021984112
2023-09-22,979824.8971773938
2023-09-25,979824.8971773938
2023-09-26,979824.8971773938
2023-09-27,979238.3216551691
2023-09-28,979926.2398090095
2023-09-29,979500.9926068883
2023-10-02,979086.5163557773
2023-10-03,979325.5938519605
2023-10-04,979403.2225717756
2023-10-05,979756.4079739554
2023-10-06,980004.1763569427
2023-10-09,979152.9591687026
2023-10-10,979228.5570451728
2023-10-11,979058.6273300467
2023-10-12,979052.0357734957
2023-10-13,977690.010190468
2023-10-16,978102.3499113944
2023-10-17,978102.3499113944
2023-10-18,977924.7984899507
2023-10-19,978088.5962736913
2023-10-20,977904.8777459969
2023-10-23,977904.8777459969
2023-10-24,977904.8777459969
2023-10-25,978102.7382117389
2023-10-26,978418.9204362774
2023-10-27,978206.5944710122
2023-10-30,978348.2174073326
2023-10-31,978532.178559082
2023-11-01,978348.540089228
2023-11-02,978562.292420359
2023-11-03,978901.2923538493
2023-11-06,978901.2923538493
2023-11-07,978901.2923538493
2023-11-08,978290.086838129
2023-11-09,978108.469771483
2023-11-10,978535.2486490449
2023-11-13,978288.6629381846
2023-11-14,978444.237224818
2023-11-15,978444.237224818
2023-11-16,978063.6777075711
2023-11-17,978247.2191551083
2023-11-20,978063.7207826575
2023-11-21,977727.4007112668
2023-11-22,977609.2777959278
2023-11-24,977609.2777959278
2023-11-27,977168.4476276111
2023-11-28,977161.9623918749
2023-11-29,976721.0060977216
2023-11-30,976721.0060977216
2023-12-01,977092.503640688
2023-12-04,976843.1871823056
2023-12-05,976461.3064892858
2023-12-06,976461.3064892858
2023-12-07,976845.7447520241
2023-12-08,976198.1838072991
2023-12-11,976198.1838072991
2023-12-12,976198.1838072991
2023-12-13,975531.2123794811
2023-12-14,976002.845797173
2023-12-15,975055.8527810844
2023-12-18,975055.8527810844
2023-12-19,975145.724673033
2023-12-20,975243.0854714062
2023-12-21,975243.0854714062
2023-12-22,975243.0854714062
2023-12-26,974978.8405990152
2023-12-27,974978.8405990152
2023-12-28,974978.8405990152
2023-12-29,974787.5367627306
2024-01-02,975453.764892644
2024-01-03,975186.2085269779
2024-01-04,974794.4769174983
2024-01-05,974794.4769174983
2024-01-08,975194.2189757683
2024-01-09,975657.1115256014
2024-01-10,975466.6491593653
2024-01-11,975567.339504034
2024-01-12,975480.4196731654
2024-01-16,976328.5151426735
2024-01-17,976054.2623753459
2024-01-18,976517.6661749016
2024-01-19,976463.5916240299
2024-01-22,976463.5916240299
2024-01-23,975760.5861006051
2024-01-24,975760.5861006051
2024-01-25,975760.5861006051
2024-01-26,975240.7106949799
2024-01-29,974721.643339504
2024-01-30,975141.473684092
2024-01-31,975233.9281415474
2024-02-01,975709.6929125062
2024-02-02,975228.245979898
2024-02-05,975021.8121017604
2024-02-06,974540.0578796566
2024-02-07,974835.8462100942
2024-02-08,974835.8462100942
2024-02-09,974944.5096020539
2024-02-12,974944.5096020539
2024-02-13,974944.5096020539
2024-02-14,975138.6540817054
2024-02-15,974206.1535585005
2024-02-16,974631.1861615774
2024-02-20,975029.5395881896
2024-02-21,974841.9283377171
2024-02-22,975794.506433644
2024-02-23,975691.3385626117
2024-02-26,975691.3385626117
2024-02-27,975691.3385626117
2024-02-28,976232.8808252951
2024-02-29,976623.4312937185
2024-03-01,976221.9379688847
2024-03-04,976331.6359394719
2024-03-05,976860.672879922
2024-03-06,977046.3169297517
2024-03-07,977898.8768763825
2024-03-08,977811.1999666536
2024-03-11,977811.1999666536
2024-03-12,977611.2701003931
2024-03-13,978346.326773658
2024-03-14,977495.7478508663
2024-03-15,978862.343037792
2024-03-18,979477.6925261344
2024-03-19,979277.7526431005
2024-03-20,979192.6768191699
2024-03-21,979192.6768191699
2024-03-22,979169.8671302871
2024-03-25,978662.0909864786
2024-03-26,979168.2201716515
2024-03-27,978964.9779752336
2024-03-28,979289.469734882
2024-04-01,978656.3191196441
2024-04-02,978993.2277459607
2024-04-03,978555.6241697174
2024-04-04,978856.7018752646
2024-04-05,978565.2241756335
2024-04-08,978987.2959197871
2024-04-09,978564.5916062935
2024-04-10,978213.4678923583
2024-04-11,978064.1862338634
2024-04-12,978479.5818814487
2024-04-15,978479.5818814487
2024-04-16,978970.8045758294
2024-04-17,978682.9803546639
2024-04-18,978682.9803546639
2024-04-19,978682.9803546639
2024-04-22,978368.963795231
2024-04-23,978647.0641393977
2024-04-24,978647.0641393977
2024-04-25,979066.6094663242
2024-04-26,978985.5251357498
2024-04-29,978985.5251357498
2024-04-30,979605.8914591136
2024-05-01,978802.8939473439
2024-05-02,979256.2427071119
2024-05-03,979173.3989134824
2024-05-06,979946.1725029069
2024-05-07,980664.732691694
2024-05-08,980159.4770490469
2024-05-09,980159.4770490469
2024-05-10,979940.4699828546
2024-05-13,979740.0687174625
2024-05-14,980196.3068465557
2024-05-15,980076.1142035219
2024-05-16,979872.5905449315
2024-05-17,980096.0940089569
2024-05-20,980096.0940089569
2024-05-21,980096.0940089569
2024-05-22,979134.1634859618
2024-05-23,979015.2774216852
2024-05-24,979467.9356650478
2024-05-28,978895.0582543847
2024-05-29,978895.0582543847
2024-05-30,978895.0582543847
2024-05-31,978679.6075198008
2024-06-03,978764.2443393292
2024-06-04,977995.7117203333
2024-06-05,978975.4870431474
2024-06-06,977994.5072826669
2024-06-07,977211.7808937007
2024-06-10,977211.7808937007
2024-06-11,977296.6302261302
2024-06-12,977296.6302261302
2024-06-13,977296.6302261302
2024-06-14,976292.0586431872
2024-06-17,976292.0586431872
2024-06-18,976379.4581533034
2024-06-20,976183.2481288621
2024-06-21,976397.8778031203
2024-06-24,976651.3246201297
2024-06-25,976651.3246201297
2024-06-26,976329.1143405167
2024-06-27,976130.7841804633
2024-06-28,976000.4267652452
2024-07-01,976000.4267652452
2024-07-02,975886.261651449
2024-07-03,975886.261651449
2024-07-05,975649.243321877
2024-07-08,975761.4099493574
2024-07-09,975761.4099493574
2024-07-10,975761.4099493574
2024-07-11,976768.297072675
2024-07-12,976054.4649810825
2024-07-15,975562.4841921495
2024-07-16,974403.4909311257
2024-07-17,975282.0960622071
2024-07-18,975822.9873078441
2024-07-19,975822.9873078441
2024-07-22,975782.379829569
2024-07-23,975645.4027825234
2024-07-24,976794.6781577053
2024-07-25,976927.2085016376
2024-07-26,977239.2703767868
2024-07-29,976465.6180330515
2024-07-30,977449.0381724566
2024-07-31,977375.5689359778
2024-08-01,977592.3240580696
2024-08-02,977084.0162221233
2024-08-05,978610.7890811706
2024-08-06,978078.0747621364
2024-08-07,977857.3703520276
2024-08-08,978807.2974708981
2024-08-09,978582.5802588853
2024-08-12,978810.8303983859
2024-08-13,979480.471332902
2024-08-14,979480.471332902
2024-08-15,979253.4024695463
2024-08-16,979485.2301052345
2024-08-19,979394.0637623802
2024-08-20,979394.0637623802
2024-08-21,979605.2507032417
2024-08-22,979257.0109101608
2024-08-23,980266.2048399264
2024-08-26,980266.2048399264
2024-08-27,980174.9639667806
2024-08-28,980174.9639667806
2024-08-29,980174.9639667806
2024-08-30,980174.9639667806
2024-09-03,980393.5040755549
2024-09-04,980849.5151647091
2024-09-05,980392.438919778
2024-09-06,981365.5022077959
2024-09-09,982162.2699330414
2024-09-10,981929.4870806657
2024-09-11,982378.0963570744
2024-09-12,982066.3099724884
2024-09-13,982522.534439043
2024-09-16,982522.534439043
2024-09-17,982522.534439043
2024-09-18,981972.3194859582
2024-09-19,982531.1405565339
2024-09-20,982288.7609785944
2024-09-23,982288.7609785944
2024-09-24,982534.6587615205
2024-09-25,982288.756730223
2024-09-26,982850.5877776014
2024-09-27,983127.9367511686
2024-09-30,983671.3840899686
2024-10-01,983671.3840899686
2024-10-02,984229.8379860691
2024-10-03,984320.3917810959
2024-10-04,983830.0487320957
2024-10-07,983830.0487320957
2024-10-08,984072.2490924534
2024-10-09,983704.6754107726
2024-10-10,983704.6754107726
2024-10-11,983862.1425372238
2024-10-14,984190.5321497037
2024-10-15,984279.3729721165
2024-10-16,984279.3729721165
2024-10-17,983957.368432593
2024-10-18,983633.7622890336
2024-10-21,982976.8477333428
2024-10-22,982997.3170327826
2024-10-23,982659.9682271475
2024-10-24,982746.7029349405
2024-10-25,982531.1203179291
2024-10-28,982749.9124668454
2024-10-29,982253.355750632
2024-10-30,982121.6593965611
2024-10-31,983652.9637750863
2024-11-01,981993.1545235718
2024-11-04,982474.988164071
2024-11-05,982700.3367525788
2024-11-06,980847.1368930329
2024-11-07,981096.6121568986
2024-11-08,980935.3463390521
2024-11-11,979731.8881795907
2024-11-12,979731.8881795907
2024-11-13,978958.0464266296
2024-11-14,978483.6945762215
2024-11-15,979551.0324114418
2024-11-18,979707.0803792339
2024-11-19,979707.0803792339
2024-11-20,979707.0803792339
2024-11-21,979791.9288501453
2024-11-22,979371.1440949262
2024-11-25,978113.4306466401
2024-11-26,977694.5448802751
2024-11-27,977450.8844074291
2024-11-29,977450.8844074291
2024-12-02,976839.0572376658
2024-12-03,976751.2278928004
2024-12-04,976839.8768406279
2024-12-05,976056.9471687517
2024-12-06,975694.4103542513
2024-12-09,975694.4103542513
2024-12-10,975425.9769763781
2024-12-11,975787.1035740082
2024-12-12,975803.0764772381
2024-12-13,975276.3685094308
2024-12-16,975809.9139478508
2024-12-17,975724.3685876642
2024-12-18,977021.0719080471
2024-12-19,977104.1521319478
2024-12-20,977467.2258394401
2024-12-23,977226.0971366256
2024-12-24,977142.8436630694
2024-12-26,977142.8436630694
2024-12-27,977728.9351844699
2024-12-30,977488.1367145206
2024-12-31,977488.1367145206
2025-01-02,977733.3849432329
2025-01-03,978748.7113533565
2025-01-06,978748.7113533565
2025-01-07,978748.7113533565
2025-01-08,978167.2436395253
2025-01-10,978490.6490826821
2025-01-13,978490.6490826821
2025-01-14,978490.6490826821
2025-01-15,978490.6490826821
2025-01-16,978490.6490826821
2025-01-17,978996.6629703727
2025-01-21,978996.6629703727
2025-01-22,979524.4552971025
2025-01-23,979442.1871854619
2025-01-24,980041.0444850746
2025-01-27,979564.137395457
2025-01-28,980082.2976744333
2025-01-29,980082.2976744333
2025-01-30,980256.4682911488
2025-01-31,979820.1377948121
2025-02-03,979560.015808375
2025-02-04,979536.5579690875
2025-02-05,979536.5579690875
2025-02-06,979451.1248013445
2025-02-07,979451.1248013445
2025-02-10,980167.878209576
2025-02-11,979900.3009951784
2025-02-12,979900.3009951784
2025-02-13,980059.8595476926
2025-02-14,980841.757036714
2025-02-18,980841.757036714
2025-02-19,980237.168227695
2025-02-20,980057.8185786029
2025-02-21,980236.5472060113
2025-02-24,980022.9520939806
2025-02-25,980109.7564703857
2025-02-26,980109.7564703857
2025-02-27,980396.725441466
2025-02-28,981691.0275986922
2025-03-03,981808.6784622441
2025-03-04,982463.9791701204
2025-03-05,982107.657595398
2025-03-06,982888.1310204492
2025-03-07,983156.3331889265
2025-03-10,983268.5912678287
2025-03-11,983268.5912678287
2025-03-12,983819.0844919473
2025-03-13,983819.0844919473
2025-03-14,984688.4610433808
2025-03-17,984688.4610433808
2025-03-18,984321.782697504
2025-03-19,984803.1322102537
2025-03-20,985083.6857133288
2025-03-21,984881.9272820189
2025-03-24,984775.4950875783
2025-03-25,984689.8788541387
2025-03-26,984689.8788541387
2025-03-27,984886.8460495262
2025-03-28,984688.445572883
2025-03-31,984688.445572883
2025-04-01,984490.9244963286
2025-04-02,984691.2834954617
2025-04-03,986081.1264364981
2025-04-04,987643.54965076
2025-04-07,986390.1437810159
2025-04-08,986283.6628417077
2025-04-09,989707.8931139043
2025-04-10,988873.7092816805
2025-04-11,989171.4307531544
2025-04-14,989171.4307531544
2025-04-15,989171.4307531544
2025-04-16,989924.1233559656
2025-04-17,989403.3151455716
2025-04-21,989537.7659706604
2025-04-22,989454.981865396
2025-04-23,989978.2686082812
2025-04-24,989978.2686082812
2025-04-25,989978.2686082812
2025-04-28,989978.2686082812
2025-04-29,989978.2686082812
2025-04-30,989978.2686082812
2025-05-01,989795.8251276003
2025-05-02,989795.8251276003
2025-05-05,990018.6714450729
2025-05-06,989696.9796020176
2025-05-07,990477.4609512396
2025-05-08,990222.8308078866
2025-05-09,990222.8308078866
2025-05-12,990715.951956408
2025-05-13,990715.951956408
2025-05-14,990926.932572535
2025-05-15,991141.8693241699
2025-05-16,991141.8693241699
2025-05-19,991578.3255665584
2025-05-20,991060.1992861809
2025-05-21,991140.7635567766
2025-05-22,991140.7635567766
2025-05-23,991450.2967627515
2025-05-27,991367.9286284364
2025-05-28,991367.9286284364
2025-05-29,991062.1046855341
2025-05-30,991365.4922019934
2025-06-02,991365.4922019934
2025-06-03,991592.2055876553
2025-06-04,990774.6942158889
2025-06-05,990774.6942158889
2025-06-06,990856.8873505269
2025-06-09,991163.2927423094
2025-06-10,991163.2927423094
2025-06-11,991163.2927423094
2025-06-12,990319.4130488251
2025-06-13,990402.5499423245
2025-06-16,990714.1117262827
2025-06-17,990194.9114523409
2025-06-18,990194.9114523409
2025-06-20,990194.9114523409
2025-06-23,990194.9114523409
2025-06-24,990500.8871523995
2025-06-25,990500.8871523995
2025-06-26,990500.8871523995
2025-06-27,990500.8871523995
2025-06-30,990500.8871523995
2025-07-01,990500.8871523995
2025-07-02,990416.1132517337
2025-07-03,990500.178922827
2025-07-07,989589.4561625548
2025-07-08,989224.5142507827
2025-07-09,989193.8021653348
2025-07-10,990588.7148970467
2025-07-11,982579.1226052884
2025-07-14,982037.4855529888
2025-07-15,981699.37054419
2025-07-16,981079.967476922
2025-07-17,981079.967476922
2025-07-18,980282.8554834501
2025-07-21,980282.8554834501
2025-07-22,979963.8242005849
2025-07-23,978538.2027721782
2025-07-24,978449.3384930821
2025-07-25,977726.7573044309
2025-07-28,977160.3228130736
2025-07-29,977244.7267863469
2025-07-30,977244.7267863469
2025-07-31,977160.5917374744
2025-08-01,978018.7694131539
2025-08-04,977933.2050653792
2025-08-05,977621.8272185985
2025-08-06,977961.1472640021
2025-08-07,977961.1472640021
2025-08-08,978592.5258534049
2025-08-11,978592.5258534049
2025-08-12,975177.0568018456
2025-08-13,974827.685750847
2025-08-14,975159.2984929185
2025-08-15,975734.1000701227
2025-08-18,975426.9351622121
2025-08-19,975993.7121473596
2025-08-20,975685.1362791823
2025-08-21,975922.3689883162
2025-08-22,976070.5916817792
2025-08-25,975828.5571757633
2025-08-26,974632.367694652
2025-08-27,974944.858820384
2025-08-28,974944.858820384
2025-08-29,975194.4582421344
2025-09-02,975194.4582421344
2025-09-03,975194.4582421344
2025-09-04,975752.587900339
2025-09-05,974622.2682235806
2025-09-08,974709.6740159179
2025-09-09,974709.6740159179
2025-09-10,974709.6740159179
2025-09-11,974709.6740159179
2025-09-12,974709.6740159179
2025-09-15,974053.8640693341
2025-09-16,974944.7508126568
2025-09-17,974539.4927186939
2025-09-18,974290.507867023
2025-09-19,974290.507867023
2025-09-22,973971.787567625
2025-09-23,973461.688639616
2025-09-24,973461.688639616
2025-09-25,973461.688639616
2025-09-26,974366.3558036748
2025-09-29,974278.9348255616
2025-09-30,973766.7185949087
2025-10-01,973679.3261096298
2025-10-02,974033.8678006477
2025-10-03,973367.9807967277
2025-10-06,973454.6450506311
2025-10-07,973367.360215128
2025-10-08,974348.8570494975
2025-10-09,974539.4616067152
2025-10-10,977846.9163712957
2025-10-13,978269.6837383307
2025-10-14,978269.6837383307
2025-10-15,978656.8026187079
2025-10-16,978057.9203166679
2025-10-17,978357.3761566429
2025-10-20,979073.5073406759
2025-10-21,979823.409660644
2025-10-22,979355.7619099774
2025-10-23,979445.1237297932
2025-10-24,979355.597557246
2025-10-27,980669.9692875495
2025-10-28,981983.5288975252
2025-10-29,980843.0148569137
2025-10-30,980754.3793602878
2025-10-31,980163.9538527722
2025-11-03,979572.0339258658
2025-11-04,980683.5296960396
2025-11-05,979474.4466753463
2025-11-06,980084.1333042654
2025-11-07,980084.1333042654
2025-11-10,981051.5339446702
2025-11-11,981051.5339446702
2025-11-12,981642.0457775812
2025-11-13,982134.2200035544
2025-11-14,982221.3935138166
2025-11-17,982133.8817815982
2025-11-18,982789.7651807285
2025-11-19,982789.7651807285
2025-11-20,983057.7884815508
2025-11-21,983292.0200579322
2025-11-24,984471.2807065883
2025-11-25,984382.6393388505
2025-11-26,984382.6393388505
2025-11-28,984382.6393388505
2025-12-01,983853.9951220589
2025-12-02,984386.4300240923
2025-12-03,984634.6100982946
2025-12-04,985052.6844499547
2025-12-05,986432.9457191853
2025-12-08,986432.9457191853
2025-12-09,987412.0518465139
2025-12-10,987412.0518465139
2025-12-11,987412.0518465139
2025-12-12,987016.3349965268
2025-12-15,987016.3349965268
2025-12-16,986427.3462226758
2025-12-17,987939.9933007939
2025-12-18,987939.9933007939
2025-12-19,987939.9933007939
2025-12-22,987853.539315422
2025-12-23,987853.539315422
2025-12-24,987853.539315422
2025-12-26,987940.2478727073
2025-12-29,988164.2556478992
2025-12-30,988164.2556478992
2025-12-31,988250.391036375
2026-01-02,988250.391036375
2026-01-05,988250.391036375
2026-01-06,988419.4625933772
2026-01-07,988164.2576974995
2026-01-08,988164.2576974995
2026-01-09,988251.1540276285
2026-01-12,987546.437428337
2026-01-13,986833.0548760473
2026-01-14,986833.0548760473
2026-01-15,986833.0548760473
2026-01-16,987453.0982648651
2026-01-20,987258.3432143179
2026-01-21,986216.7044610233
2026-01-22,986705.3179615405
2026-01-23,986082.9467532777
2026-01-26,986082.9467532777
2026-01-27,985951.400043615
2026-01-28,985951.400043615
2026-01-29,985951.400043615
2026-01-30,987026.6367286245
2026-02-02,986759.4662634605
2026-02-03,986759.4662634605
2026-02-04,986673.4961981869
2026-02-05,986250.3651398631
2026-02-06,988151.8454993087
2026-02-09,988064.9018830558
2026-02-10,987637.6555032518
2026-02-11,986421.6880229051
2026-02-12,986510.2063706754
2026-02-13,986510.2063706754
2026-02-17,985655.1359127171
2026-02-18,985655.1359127171
2026-02-19,985655.1359127171
2026-02-20,985743.8328234729
2026-02-23,985654.6838297818
2026-02-24,984450.3794929968
2026-02-25,984890.7496557137
2026-02-26,984848.5467508065
2026-02-27,984254.0418121325
2026-03-02,983050.4934710759
2026-03-03,983639.3592593069
2026-03-04,984753.9842356275
2026-03-05,985010.1089255522
2026-03-06,984921.9392852397
2026-03-09,984921.9392852397
2026-03-10,984756.7192439102
2026-03-11,983171.3009339287
2026-03-12,984344.4877850438
2026-03-13,984344.4877850438
2026-03-16,984344.4877850438
2026-03-17,984200.4642536412
2026-03-18,984859.6311196651
2026-03-19,984859.6311196651
2026-03-20,982580.0758118606
2026-03-23,982827.352618556
2026-03-24,982646.8109479953
2026-03-25,981659.3835103977
2026-03-26,982791.5830643743
2026-03-27,983339.8703945875
2026-03-30,982640.4285168825
2026-03-31,984982.6582709118
2026-04-01,984982.6582709118
2026-04-02,984982.6582709118
2026-04-06,984982.6582709118
2026-04-07,984729.571204956
2026-04-08,986772.6367666685
2026-04-09,986685.8760710524
2026-04-10,986685.8760710524
