Date,GLD,IWM,QQQ,SPY,TLT
2020-01-02,20,20,20,20,20
2020-01-03,20,20,20,20,20
2020-01-06,20,20,20,20,20
2020-01-07,20,20,20,20,20
2020-01-08,20,20,20,20,20
2020-01-09,20,20,20,20,20
2020-01-10,20,20,20,20,20
2020-01-13,20,20,20,20,20
2020-01-14,20,20,20,20,20
2020-01-15,20,20,20,20,20
2020-01-16,20,20,20,20,20
2020-01-17,20,20,20,20,20
2020-01-21,20,20,20,20,20
2020-01-22,20,20,20,20,20
2020-01-23,20,20,20,20,20
2020-01-24,20,20,20,20,20
2020-01-27,20,20,20,20,20
2020-01-28,20,20,20,20,20
2020-01-29,20,20,20,20,20
2020-01-30,20,20,20,20,20
2020-01-31,20,20,20,20,20
2020-02-03,20,20,20,20,20
2020-02-04,20,20,20,20,20
2020-02-05,20,20,20,20,20
2020-02-06,20,20,20,20,20
2020-02-07,20,20,20,20,20
2020-02-10,20,20,20,20,20
2020-02-11,20,20,20,20,20
2020-02-12,20,20,20,20,20
2020-02-13,20,20,20,20,20
2020-02-14,20,20,20,20,20
2020-02-18,20,20,20,20,20
2020-02-19,20,20,20,20,20
2020-02-20,20,20,20,20,20
2020-02-21,20,20,20,20,20
2020-02-24,20,20,20,20,20
2020-02-25,20,20,20,20,20
2020-02-26,20,20,20,20,20
2020-02-27,20,20,20,20,20
2020-02-28,20,20,20,20,20
2020-03-02,20,20,20,20,20
2020-03-03,20,20,20,20,20
2020-03-04,20,20,20,20,20
2020-03-05,20,20,20,20,20
2020-03-06,20,20,20,20,20
2020-03-09,20,20,20,20,20
2020-03-10,20,20,20,20,20
2020-03-11,20,20,20,20,20
2020-03-12,20,20,20,20,20
2020-03-13,20,20,20,20,20
2020-03-16,20,20,20,20,20
2020-03-17,20,20,20,20,20
2020-03-18,20,20,20,20,20
2020-03-19,20,20,20,20,20
2020-03-20,20,20,20,20,20
2020-03-23,20,20,20,20,20
2020-03-24,20,20,20,20,20
2020-03-25,20,20,20,20,20
2020-03-26,20,20,20,20,20
2020-03-27,20,20,20,20,20
2020-03-30,20,20,20,20,20
2020-03-31,20,20,20,20,20
2020-04-01,20,20,20,20,20
2020-04-02,49,9,10,10,23
2020-04-03,49,9,10,10,23
2020-04-06,49,8,9,10,24
2020-04-07,49,8,9,10,24
2020-04-08,49,8,9,9,24
2020-04-09,49,8,10,10,24
2020-04-13,48,8,10,10,24
2020-04-14,49,8,10,10,24
2020-04-15,49,8,10,10,24
2020-04-16,49,8,10,10,24
2020-04-17,48,8,10,10,24
2020-04-20,48,8,10,10,24
2020-04-21,48,8,10,10,25
2020-04-22,48,8,10,10,25
2020-04-23,48,8,10,10,25
2020-04-24,48,8,10,10,25
2020-04-27,48,8,10,10,25
2020-04-28,48,8,10,10,25
2020-04-29,48,8,10,10,25
2020-04-30,48,8,10,10,25
2020-05-01,48,8,10,10,25
2020-05-04,48,8,10,10,25
2020-05-05,48,8,10,10,25
2020-05-06,48,8,10,10,25
2020-05-07,48,8,10,10,25
2020-05-08,48,8,10,10,25
2020-05-11,48,8,10,10,25
2020-05-12,48,8,10,10,25
2020-05-13,48,8,10,10,25
2020-05-14,48,8,10,10,25
2020-05-15,48,8,10,10,25
2020-05-18,48,7,10,10,25
2020-05-19,48,7,10,10,25
2020-05-20,48,7,10,10,25
2020-05-21,48,7,10,10,25
2020-05-22,48,7,10,10,25
2020-05-26,48,7,10,10,25
2020-05-27,48,7,10,10,25
2020-05-28,48,7,10,10,25
2020-05-29,50,7,10,10,24
2020-06-01,50,7,10,10,24
2020-06-02,51,7,10,10,23
2020-06-03,50,7,10,10,23
2020-06-04,50,7,10,10,23
2020-06-05,49,7,10,10,25
2020-06-08,47,7,11,10,25
2020-06-09,46,7,11,10,26
2020-06-10,45,7,11,11,27
2020-06-11,47,7,11,11,25
2020-06-12,47,7,11,11,23
2020-06-15,42,7,14,13,24
2020-06-16,39,7,15,12,27
2020-06-17,37,7,14,12,30
2020-06-18,37,7,14,12,31
2020-06-19,31,6,12,10,41
2020-06-22,31,5,10,9,44
2020-06-23,35,5,11,10,40
2020-06-24,36,5,11,10,39
2020-06-25,35,5,11,11,38
2020-06-26,34,5,11,11,40
2020-06-29,33,5,11,11,40
2020-06-30,37,4,11,10,38
2020-07-01,36,5,11,11,37
2020-07-02,36,5,11,11,37
2020-07-06,36,5,11,11,37
2020-07-07,37,5,13,12,33
2020-07-08,37,5,13,12,33
2020-07-09,37,5,13,13,32
2020-07-10,40,5,13,12,30
2020-07-13,41,5,12,12,30
2020-07-14,41,5,13,12,29
2020-07-15,39,5,13,12,31
2020-07-16,38,5,13,12,32
2020-07-17,40,5,12,12,32
2020-07-20,40,5,12,12,32
2020-07-21,38,5,13,13,32
2020-07-22,38,4,13,13,31
2020-07-23,39,5,12,13,31
2020-07-24,39,5,12,13,31
2020-07-27,37,5,12,13,33
2020-07-28,36,5,12,13,34
2020-07-29,36,5,13,13,33
2020-07-30,37,5,13,13,33
2020-07-31,36,5,13,14,33
2020-08-03,36,5,13,14,33
2020-08-04,34,5,14,14,33
2020-08-05,35,5,13,14,34
2020-08-06,34,5,13,13,35
2020-08-07,32,5,13,14,36
2020-08-10,32,5,13,14,36
2020-08-11,22,6,15,16,41
2020-08-12,22,6,14,17,40
2020-08-13,21,6,15,17,41
2020-08-14,21,6,15,17,41
2020-08-17,19,7,14,17,43
2020-08-18,19,7,14,18,42
2020-08-19,17,7,14,18,43
2020-08-20,18,7,14,18,42
2020-08-21,18,7,14,18,42
2020-08-24,17,7,14,18,43
2020-08-25,18,8,14,18,42
2020-08-26,17,8,14,18,43
2020-08-27,18,8,14,19,41
2020-08-28,17,8,14,19,42
2020-08-31,17,8,14,19,41
2020-09-01,18,8,14,19,41
2020-09-02,17,8,14,18,43
2020-09-03,19,8,12,17,44
2020-09-04,19,9,12,18,42
2020-09-08,20,9,10,17,44
2020-09-09,20,9,10,16,45
2020-09-10,17,11,10,20,42
2020-09-11,17,12,9,20,42
2020-09-14,17,12,9,20,43
2020-09-15,16,12,9,20,44
2020-09-16,16,12,9,20,44
2020-09-17,16,12,9,19,45
2020-09-18,16,12,8,19,45
2020-09-21,16,11,9,19,46
2020-09-22,16,11,9,19,46
2020-09-23,15,11,8,19,47
2020-09-24,15,11,8,19,47
2020-09-25,14,11,8,19,47
2020-09-28,14,11,8,19,47
2020-09-29,14,12,8,19,47
2020-09-30,14,12,8,20,47
2020-10-01,14,12,8,20,47
2020-10-02,14,12,8,20,47
2020-10-05,14,12,8,20,46
2020-10-06,14,12,8,20,46
2020-10-07,14,12,8,19,48
2020-10-08,14,12,8,19,48
2020-10-09,14,12,8,19,48
2020-10-12,14,12,7,19,48
2020-10-13,13,13,7,19,47
2020-10-14,13,13,7,19,47
2020-10-15,13,13,7,19,47
2020-10-16,13,13,8,19,47
2020-10-19,14,13,8,18,47
2020-10-20,14,13,8,18,47
2020-10-21,14,13,8,18,48
2020-10-22,14,13,8,18,47
2020-10-23,14,13,8,18,46
2020-10-26,15,13,8,18,46
2020-10-27,15,13,8,18,46
2020-10-28,15,13,8,16,48
2020-10-29,15,13,8,17,47
2020-10-30,16,13,8,17,47
2020-11-02,16,13,8,16,47
2020-11-03,16,12,8,16,48
2020-11-04,18,13,8,16,45
2020-11-05,17,13,7,16,46
2020-11-06,18,13,8,16,45
2020-11-09,20,12,8,17,43
2020-11-10,20,12,8,17,43
2020-11-11,21,12,8,16,43
2020-11-12,22,12,8,17,42
2020-11-13,23,12,8,16,41
2020-11-16,23,11,8,16,42
2020-11-17,26,11,7,16,40
2020-11-18,26,11,7,15,41
2020-11-19,26,11,7,15,41
2020-11-20,26,11,7,15,40
2020-11-23,25,11,8,16,41
2020-11-24,25,11,8,16,41
2020-11-25,25,10,8,15,42
2020-11-27,26,10,8,15,41
2020-11-30,26,10,8,15,42
2020-12-01,24,10,8,15,42
2020-12-02,24,10,8,15,42
2020-12-03,24,11,9,17,40
2020-12-04,23,10,8,17,41
2020-12-07,22,11,10,18,40
2020-12-08,22,10,10,19,39
2020-12-09,21,11,10,19,39
2020-12-10,21,11,10,19,39
2020-12-11,21,11,10,19,38
2020-12-14,21,11,10,19,38
2020-12-15,21,11,10,19,39
2020-12-16,21,11,11,19,39
2020-12-17,20,11,11,20,38
2020-12-18,21,12,10,20,38
2020-12-21,21,12,11,20,37
2020-12-22,21,12,11,20,35
2020-12-23,21,12,11,21,35
2020-12-24,21,12,11,21,35
2020-12-28,21,12,11,21,34
2020-12-29,21,12,11,21,34
2020-12-30,21,12,11,21,35
2020-12-31,21,12,11,21,35
2021-01-04,20,12,12,21,35
2021-01-05,19,12,12,21,37
2021-01-06,19,11,13,23,35
2021-01-07,19,11,12,23,34
2021-01-08,17,11,13,24,36
2021-01-11,18,11,12,23,35
2021-01-12,17,11,13,24,35
2021-01-13,18,11,13,24,34
2021-01-14,18,11,13,24,34
2021-01-15,18,11,13,24,34
2021-01-19,18,11,13,24,34
2021-01-20,17,11,13,25,34
2021-01-21,17,11,13,25,34
2021-01-22,17,11,13,25,34
2021-01-25,17,11,13,25,34
2021-01-26,17,11,13,25,34
2021-01-27,17,11,12,24,35
2021-01-28,17,11,12,24,35
2021-01-29,17,11,13,26,33
2021-02-01,17,11,13,25,34
2021-02-02,16,11,13,25,34
2021-02-03,17,11,13,25,34
2021-02-04,16,11,13,26,34
2021-02-05,14,10,15,26,35
2021-02-08,14,10,15,27,34
2021-02-09,14,10,15,26,34
2021-02-10,17,10,14,24,35
2021-02-11,16,10,15,24,34
2021-02-12,16,10,16,24,33
2021-02-16,16,10,16,25,34
2021-02-17,16,10,16,25,33
2021-02-18,15,10,16,26,33
2021-02-19,16,10,16,26,32
2021-02-22,15,10,15,27,33
2021-02-23,15,10,14,27,33
2021-02-24,15,10,14,27,34
2021-02-25,17,9,13,25,35
2021-02-26,17,10,15,29,28
2021-03-01,19,10,15,28,29
2021-03-02,19,10,14,27,30
2021-03-03,19,10,13,27,30
2021-03-04,20,10,13,26,31
2021-03-05,21,9,13,25,32
2021-03-08,21,10,12,25,32
2021-03-09,20,10,11,26,33
2021-03-10,21,10,11,25,34
2021-03-11,21,10,11,25,34
2021-03-12,22,10,11,26,31
2021-03-15,22,10,11,26,32
2021-03-16,22,10,11,26,32
2021-03-17,22,10,11,26,32
2021-03-18,23,9,10,26,32
2021-03-19,23,9,11,26,32
2021-03-22,23,9,10,26,31
2021-03-23,24,9,11,26,30
2021-03-24,24,9,10,26,31
2021-03-25,24,8,10,26,31
2021-03-26,24,8,10,26,31
2021-03-29,24,8,11,26,31
2021-03-30,24,8,11,26,31
2021-03-31,23,8,11,27,32
2021-04-01,23,9,11,27,31
2021-04-05,24,9,11,26,31
2021-04-06,25,8,10,27,30
2021-04-07,25,8,11,27,30
2021-04-08,24,9,10,26,30
2021-04-09,24,9,11,27,30
2021-04-12,27,8,10,25,29
2021-04-13,27,8,10,26,28
2021-04-14,27,9,10,26,28
2021-04-15,27,9,10,26,28
2021-04-16,26,9,10,26,28
2021-04-19,27,9,10,26,28
2021-04-20,27,9,10,26,28
2021-04-21,28,8,10,26,28
2021-04-22,28,8,10,25,28
2021-04-23,28,8,10,25,28
2021-04-26,28,8,10,25,29
2021-04-27,28,8,10,25,28
2021-04-28,27,8,11,27,27
2021-04-29,27,8,11,27,27
2021-04-30,26,8,11,29,27
2021-05-03,25,8,11,30,26
2021-05-04,25,8,11,30,26
2021-05-05,25,8,11,30,26
2021-05-06,26,8,11,30,26
2021-05-07,26,8,11,30,26
2021-05-10,26,8,10,30,26
2021-05-11,27,8,10,29,26
2021-05-12,27,8,10,27,27
2021-05-13,28,8,10,27,27
2021-05-14,28,8,10,26,28
2021-05-17,28,8,10,26,28
2021-05-18,29,8,10,25,29
2021-05-19,29,8,10,25,29
2021-05-20,29,8,10,25,29
2021-05-21,29,8,10,25,29
2021-05-24,29,8,10,25,29
2021-05-25,29,8,10,25,28
2021-05-26,29,8,10,26,28
2021-05-27,30,7,9,23,32
2021-05-28,28,7,9,24,32
2021-06-01,28,7,9,25,31
2021-06-02,28,7,9,25,31
2021-06-03,26,7,9,26,31
2021-06-04,25,8,9,28,30
2021-06-07,26,7,10,28,30
2021-06-08,26,7,11,27,29
2021-06-09,27,7,11,27,28
2021-06-10,26,7,11,27,28
2021-06-11,24,7,11,26,32
2021-06-14,24,7,11,27,32
2021-06-15,24,7,11,27,32
2021-06-16,22,7,11,27,33
2021-06-17,18,8,13,29,32
2021-06-18,19,8,13,29,31
2021-06-21,19,8,14,29,30
2021-06-22,19,9,14,29,30
2021-06-23,19,9,14,28,29
2021-06-24,19,9,14,28,30
2021-06-25,18,9,14,30,28
2021-06-28,19,10,14,29,28
2021-06-29,19,10,14,29,28
2021-06-30,20,10,14,29,28
2021-07-01,19,10,14,28,29
2021-07-02,19,10,14,29,28
2021-07-06,19,10,14,29,28
2021-07-07,19,10,14,29,28
2021-07-08,20,10,14,28,28
2021-07-09,20,9,15,28,27
2021-07-12,21,9,15,28,27
2021-07-13,21,9,15,28,27
2021-07-14,21,9,16,29,26
2021-07-15,21,9,15,28,26
2021-07-16,21,9,15,28,27
2021-07-19,22,9,16,28,25
2021-07-20,23,9,16,27,25
2021-07-21,23,9,17,27,24
2021-07-22,23,9,17,28,23
2021-07-23,23,9,17,28,23
2021-07-26,23,9,17,28,23
2021-07-27,23,9,17,28,23
2021-07-28,23,9,17,28,23
2021-07-29,23,9,17,28,23
2021-07-30,23,9,17,29,23
2021-08-02,23,9,17,28,22
2021-08-03,23,9,18,28,22
2021-08-04,23,9,18,27,22
2021-08-05,25,8,18,27,22
2021-08-06,23,9,19,29,21
2021-08-09,20,9,21,29,21
2021-08-10,20,9,21,29,21
2021-08-11,17,9,23,32,19
2021-08-12,17,9,22,33,19
2021-08-13,16,9,24,34,17
2021-08-16,16,9,24,34,17
2021-08-17,16,9,24,34,17
2021-08-18,16,9,24,33,17
2021-08-19,16,9,25,33,17
2021-08-20,16,9,25,33,17
2021-08-23,16,8,26,33,17
2021-08-24,16,8,26,33,17
2021-08-25,16,9,26,33,17
2021-08-26,16,9,26,33,17
2021-08-27,16,8,26,33,17
2021-08-30,16,8,26,33,17
2021-08-31,16,8,26,33,17
2021-09-01,16,8,26,33,17
2021-09-02,16,8,27,32,17
2021-09-03,16,8,27,32,16
2021-09-07,15,8,28,33,16
2021-09-08,15,8,28,33,17
2021-09-09,15,8,28,32,16
2021-09-10,16,8,28,32,16
2021-09-13,16,8,28,32,16
2021-09-14,16,8,29,31,16
2021-09-15,16,8,29,31,16
2021-09-16,17,8,29,30,16
2021-09-17,17,8,28,31,17
2021-09-20,19,8,24,30,18
2021-09-21,18,8,25,30,18
2021-09-22,19,8,25,30,18
2021-09-23,19,9,26,30,17
2021-09-24,19,9,26,30,17
2021-09-27,19,8,26,30,17
2021-09-28,21,9,23,29,18
2021-09-29,21,9,23,29,18
2021-09-30,20,9,23,28,19
2021-10-01,21,9,24,28,19
2021-10-04,21,9,22,27,20
2021-10-05,22,10,22,27,20
2021-10-06,21,10,21,27,20
2021-10-07,21,10,21,27,20
2021-10-08,21,10,21,27,20
2021-10-11,21,10,21,27,21
2021-10-12,22,10,21,27,20
2021-10-13,21,11,21,28,20
2021-10-14,22,11,20,27,21
2021-10-15,20,11,20,27,22
2021-10-18,19,12,19,28,22
2021-10-19,19,12,19,28,22
2021-10-20,19,12,19,28,22
2021-10-21,18,12,19,28,22
2021-10-22,18,12,19,28,21
2021-10-25,18,13,19,28,22
2021-10-26,18,13,19,28,22
2021-10-27,19,12,20,29,20
2021-10-28,19,12,20,28,21
2021-10-29,19,12,20,28,21
2021-11-01,19,11,20,29,21
2021-11-02,19,11,20,29,21
2021-11-03,19,12,20,30,20
2021-11-04,21,11,19,29,21
2021-11-05,22,11,19,29,20
2021-11-08,21,11,19,29,20
2021-11-09,22,11,19,29,19
2021-11-10,23,11,18,29,19
2021-11-11,23,11,18,29,19
2021-11-12,23,11,18,28,19
2021-11-15,23,11,18,29,19
2021-11-16,23,11,18,29,18
2021-11-17,22,11,18,30,18
2021-11-18,22,12,18,30,18
2021-11-19,22,12,19,30,18
2021-11-22,20,12,19,31,18
2021-11-23,20,12,19,31,18
2021-11-24,20,13,19,31,17
2021-11-26,23,12,19,29,16
2021-11-29,24,13,18,29,16
2021-11-30,25,13,18,27,17
2021-12-01,25,12,18,27,17
2021-12-02,26,12,18,26,18
2021-12-03,27,11,18,26,18
2021-12-06,29,11,17,25,17
2021-12-07,30,11,16,24,18
2021-12-08,30,11,16,25,18
2021-12-09,31,11,16,25,18
2021-12-10,31,11,16,25,18
2021-12-13,31,11,15,25,18
2021-12-14,31,11,15,25,18
2021-12-15,35,10,14,23,18
2021-12-16,34,10,14,24,18
2021-12-17,34,10,14,24,18
2021-12-20,34,10,14,24,18
2021-12-21,35,10,14,23,18
2021-12-22,35,10,13,23,19
2021-12-23,35,10,13,23,19
2021-12-27,35,10,13,22,19
2021-12-28,34,10,14,23,19
2021-12-29,34,10,14,23,19
2021-12-30,36,10,13,23,18
2021-12-31,35,10,13,23,18
2022-01-03,34,10,14,25,17
2022-01-04,34,10,14,25,17
2022-01-05,35,10,13,24,18
2022-01-06,34,10,13,25,18
2022-01-07,34,10,13,25,18
2022-01-10,34,10,13,25,18
2022-01-11,33,10,13,25,19
2022-01-12,35,10,13,24,19
2022-01-13,35,10,12,25,18
2022-01-14,37,10,12,24,17
2022-01-18,38,9,12,23,18
2022-01-19,37,9,12,24,18
2022-01-20,37,9,12,23,18
2022-01-21,38,9,11,22,19
2022-01-24,38,9,11,22,19
2022-01-25,39,9,11,22,19
2022-01-26,38,9,11,23,19
2022-01-27,37,9,12,23,20
2022-01-28,38,9,11,22,20
2022-01-31,39,9,10,21,21
2022-02-01,39,9,10,21,21
2022-02-02,39,9,10,21,21
2022-02-03,40,10,9,19,21
2022-02-04,41,9,9,19,21
2022-02-07,42,9,9,19,21
2022-02-08,42,9,9,19,21
2022-02-09,42,9,9,18,22
2022-02-10,43,9,9,17,22
2022-02-11,42,9,9,18,22
2022-02-14,42,9,9,18,22
2022-02-15,42,9,9,18,23
2022-02-16,41,9,9,18,23
2022-02-17,41,9,9,18,23
2022-02-18,42,9,9,18,23
2022-02-22,42,9,9,17,23
2022-02-23,46,8,8,16,22
2022-02-24,47,8,7,15,22
2022-02-25,47,8,7,15,23
2022-02-28,45,8,7,15,24
2022-03-01,43,9,8,16,25
2022-03-02,44,9,8,16,22
2022-03-03,44,9,8,17,22
2022-03-04,43,10,8,17,22
2022-03-07,43,10,8,17,23
2022-03-08,39,11,9,18,24
2022-03-09,35,11,9,19,26
2022-03-10,34,11,9,19,27
2022-03-11,34,11,9,18,27
2022-03-14,34,12,9,19,26
2022-03-15,33,12,9,19,28
2022-03-16,34,11,9,18,28
2022-03-17,34,11,9,18,28
2022-03-18,34,12,9,18,27
2022-03-21,34,12,9,19,26
2022-03-22,34,12,9,19,26
2022-03-23,34,12,9,19,25
2022-03-24,34,12,9,19,25
2022-03-25,34,13,9,19,25
2022-03-28,33,13,9,20,25
2022-03-29,33,12,9,20,25
2022-03-30,33,12,9,20,25
2022-03-31,33,12,9,20,25
2022-04-01,33,12,9,20,25
2022-04-04,34,12,9,19,27
2022-04-05,34,12,9,19,26
2022-04-06,34,12,9,19,25
2022-04-07,35,12,9,19,25
2022-04-08,35,12,9,19,25
2022-04-11,35,12,9,19,25
2022-04-12,35,12,9,19,25
2022-04-13,35,12,9,19,25
2022-04-14,35,12,9,19,24
2022-04-18,35,12,9,19,25
2022-04-19,34,13,9,19,25
2022-04-20,35,13,9,19,24
2022-04-21,35,13,9,19,24
2022-04-22,35,13,9,19,25
2022-04-25,34,13,9,19,25
2022-04-26,35,13,9,18,25
2022-04-27,35,13,9,18,25
2022-04-28,36,13,8,17,26
2022-04-29,37,13,8,17,26
2022-05-02,35,14,9,17,26
2022-05-03,35,14,9,17,25
2022-05-04,36,13,8,17,26
2022-05-05,37,13,8,16,25
2022-05-06,37,13,9,16,25
2022-05-09,37,12,8,16,26
2022-05-10,37,13,8,16,26
2022-05-11,37,13,9,16,25
2022-05-12,36,13,9,17,26
2022-05-13,38,12,8,16,26
2022-05-16,37,12,8,16,26
2022-05-17,38,12,8,16,26
2022-05-18,39,12,8,15,26
2022-05-19,39,12,8,15,26
2022-05-20,39,12,8,15,25
2022-05-23,39,12,8,15,25
2022-05-24,39,12,8,16,25
2022-05-25,39,12,9,16,24
2022-05-26,39,12,8,16,24
2022-05-27,39,12,8,15,26
2022-05-31,40,12,8,15,25
2022-06-01,39,12,8,15,26
2022-06-02,39,11,8,15,27
2022-06-03,39,11,7,14,28
2022-06-06,40,11,8,15,27
2022-06-07,43,11,7,14,25
2022-06-08,47,10,7,13,23
2022-06-09,47,10,7,13,23
2022-06-10,47,10,7,13,24
2022-06-13,46,10,7,13,25
2022-06-14,47,10,7,13,24
2022-06-15,46,10,7,13,23
2022-06-16,46,10,7,13,24
2022-06-17,46,10,7,13,24
2022-06-21,47,10,7,12,24
2022-06-22,47,10,7,13,23
2022-06-23,48,10,7,12,23
2022-06-24,49,9,7,12,23
2022-06-27,49,9,7,12,23
2022-06-28,50,9,7,11,23
2022-06-29,50,9,7,11,22
2022-06-30,51,9,7,11,22
2022-07-01,51,9,7,11,22
2022-07-05,49,10,7,12,23
2022-07-06,48,10,7,12,23
2022-07-07,48,10,7,12,23
2022-07-08,48,10,7,12,23
2022-07-11,49,10,7,12,23
2022-07-12,49,10,7,12,23
2022-07-13,49,10,7,12,23
2022-07-14,49,10,7,12,23
2022-07-15,49,10,7,12,23
2022-07-18,49,9,7,12,23
2022-07-19,49,9,7,12,23
2022-07-20,50,9,7,11,23
2022-07-21,48,9,7,12,24
2022-07-22,48,9,7,12,23
2022-07-25,48,9,7,12,23
2022-07-26,50,9,7,12,23
2022-07-27,49,9,7,12,23
2022-07-28,48,9,7,12,23
2022-07-29,48,10,7,12,23
2022-08-01,48,10,7,13,22
2022-08-02,49,10,7,13,21
2022-08-03,49,10,7,13,21
2022-08-04,48,10,8,13,21
2022-08-05,46,11,8,14,21
2022-08-08,46,11,8,14,21
2022-08-09,45,11,8,14,21
2022-08-10,46,11,8,14,21
2022-08-11,46,11,8,14,20
2022-08-12,47,11,8,14,20
2022-08-15,46,11,8,14,20
2022-08-16,46,11,8,14,20
2022-08-17,46,11,8,14,20
2022-08-18,44,12,9,16,20
2022-08-19,46,11,9,15,19
2022-08-22,46,11,9,15,20
2022-08-23,45,11,9,15,20
2022-08-24,45,11,9,15,20
2022-08-25,45,11,9,15,20
2022-08-26,45,11,9,14,21
2022-08-29,45,11,9,15,20
2022-08-30,45,11,9,15,21
2022-08-31,45,11,9,15,21
2022-09-01,45,11,9,15,20
2022-09-02,45,11,9,15,20
2022-09-06,45,11,9,15,19
2022-09-07,45,11,9,15,19
2022-09-08,45,11,9,15,19
2022-09-09,45,11,9,15,19
2022-09-12,45,11,9,16,19
2022-09-13,47,11,8,14,19
2022-09-14,47,11,8,14,19
2022-09-15,46,11,8,14,20
2022-09-16,45,12,9,15,19
2022-09-19,46,12,9,15,19
2022-09-20,45,12,9,15,19
2022-09-21,45,12,9,15,20
2022-09-22,45,12,9,15,19
2022-09-23,43,12,9,16,20
2022-09-26,43,12,10,16,19
2022-09-27,43,12,10,17,18
2022-09-28,41,13,11,18,18
2022-09-29,42,12,10,17,18
2022-09-30,42,12,10,17,18
2022-10-03,42,12,11,17,19
2022-10-04,43,12,10,16,20
2022-10-05,42,12,10,16,20
2022-10-06,42,12,10,16,20
2022-10-07,42,12,10,15,21
2022-10-10,41,12,10,16,21
2022-10-11,41,12,10,16,21
2022-10-12,42,12,10,15,21
2022-10-13,42,12,10,15,21
2022-10-14,42,12,10,15,21
2022-10-17,42,12,10,15,21
2022-10-18,42,12,10,15,21
2022-10-19,42,12,10,15,21
2022-10-20,42,12,10,15,22
2022-10-21,41,12,10,15,22
2022-10-24,41,12,10,15,22
2022-10-25,42,12,11,15,20
2022-10-26,43,12,11,15,20
2022-10-27,43,12,11,16,19
2022-10-28,43,11,10,15,21
2022-10-31,42,11,10,15,21
2022-11-01,41,11,11,15,22
2022-11-02,43,11,10,14,22
2022-11-03,43,11,10,14,22
2022-11-04,39,11,10,15,24
2022-11-07,39,11,10,15,24
2022-11-08,37,12,11,16,24
2022-11-09,37,12,11,15,25
2022-11-10,38,12,10,15,25
2022-11-11,38,12,10,15,25
2022-11-14,38,12,10,15,25
2022-11-15,39,12,10,15,25
2022-11-16,39,12,10,15,24
2022-11-17,39,12,10,15,24
2022-11-18,39,12,10,15,24
2022-11-21,39,12,10,15,24
2022-11-22,39,12,10,15,24
2022-11-23,39,12,10,15,23
2022-11-25,38,12,10,16,23
2022-11-28,38,12,11,16,23
2022-11-29,38,12,11,16,23
2022-11-30,39,12,10,16,23
2022-12-01,39,13,10,16,22
2022-12-02,39,13,10,16,22
2022-12-05,38,12,10,16,23
2022-12-06,38,12,10,16,23
2022-12-07,38,13,10,16,23
2022-12-08,38,13,10,16,22
2022-12-09,39,13,11,16,22
2022-12-12,38,13,11,17,21
2022-12-13,37,13,11,18,21
2022-12-14,38,13,11,17,20
2022-12-15,38,13,11,17,21
2022-12-16,37,13,11,17,21
2022-12-19,38,13,11,17,21
2022-12-20,37,13,11,18,21
2022-12-21,36,13,11,17,22
2022-12-22,37,14,11,17,21
2022-12-23,37,14,11,17,21
2022-12-27,37,13,11,17,22
2022-12-28,37,13,10,17,23
2022-12-29,37,13,10,17,23
2022-12-30,37,13,10,17,23
2023-01-03,38,13,10,17,22
2023-01-04,37,14,10,18,21
2023-01-05,37,14,10,18,21
2023-01-06,37,14,10,18,21
2023-01-09,36,14,11,18,21
2023-01-10,37,14,11,18,20
2023-01-11,37,14,11,18,20
2023-01-12,37,14,11,18,20
2023-01-13,37,14,11,19,20
2023-01-17,37,14,11,19,19
2023-01-18,36,15,11,19,18
2023-01-19,36,15,11,20,18
2023-01-20,37,15,11,19,18
2023-01-23,36,15,11,19,19
2023-01-24,37,15,11,19,19
2023-01-25,37,15,11,19,19
2023-01-26,35,15,10,19,19
2023-01-27,35,15,11,19,20
2023-01-30,35,15,11,19,20
2023-01-31,36,15,11,19,19
2023-02-01,36,15,11,19,19
2023-02-02,34,15,11,20,20
2023-02-03,32,16,11,21,20
2023-02-06,32,16,11,21,20
2023-02-07,34,15,11,20,19
2023-02-08,34,15,11,20,20
2023-02-09,36,15,10,20,19
2023-02-10,35,15,10,20,19
2023-02-13,33,16,11,22,17
2023-02-14,33,16,11,22,17
2023-02-15,33,16,11,23,17
2023-02-16,33,17,11,22,17
2023-02-17,32,17,11,22,17
2023-02-21,34,16,11,22,17
2023-02-22,34,16,11,22,17
2023-02-23,34,16,11,22,17
2023-02-24,34,16,11,22,17
2023-02-27,33,16,11,22,18
2023-02-28,33,16,11,22,18
2023-03-01,33,16,11,22,17
2023-03-02,33,16,11,22,17
2023-03-03,32,17,12,23,16
2023-03-06,33,16,12,23,17
2023-03-07,32,16,12,22,18
2023-03-08,32,17,11,22,17
2023-03-09,32,16,12,22,18
2023-03-10,32,16,12,23,17
2023-03-13,30,16,13,24,18
2023-03-14,30,16,12,23,19
2023-03-15,30,15,12,24,18
2023-03-16,32,15,12,23,18
2023-03-17,29,15,13,24,19
2023-03-20,29,15,13,25,18
2023-03-21,28,15,13,25,18
2023-03-22,28,15,14,25,19
2023-03-23,28,14,13,25,19
2023-03-24,27,15,14,25,19
2023-03-27,28,15,14,26,18
2023-03-28,27,15,14,26,18
2023-03-29,27,14,14,25,19
2023-03-30,27,15,14,25,19
2023-03-31,27,15,14,25,19
2023-04-03,26,15,14,25,19
2023-04-04,26,15,14,26,20
2023-04-05,26,15,14,26,20
2023-04-06,26,14,14,26,20
2023-04-10,26,14,15,27,19
2023-04-11,26,14,14,27,19
2023-04-12,25,14,14,27,19
2023-04-13,25,14,14,27,20
2023-04-14,24,15,14,26,21
2023-04-17,24,15,14,26,21
2023-04-18,24,14,14,26,21
2023-04-19,24,14,14,27,21
2023-04-20,24,14,14,27,21
2023-04-21,23,14,14,27,21
2023-04-24,23,14,15,28,21
2023-04-25,23,14,14,27,21
2023-04-26,23,14,15,27,21
2023-04-27,24,14,14,26,21
2023-04-28,24,14,15,26,21
2023-05-01,24,14,15,27,19
2023-05-02,24,15,16,28,18
2023-05-03,23,15,16,28,18
2023-05-04,24,15,17,27,17
2023-05-05,26,14,17,26,17
2023-05-08,25,14,17,26,17
2023-05-09,25,14,18,27,17
2023-05-10,25,14,18,27,17
2023-05-11,24,14,18,27,16
2023-05-12,24,14,18,27,16
2023-05-15,24,14,18,27,16
2023-05-16,24,14,19,27,16
2023-05-17,24,13,19,27,17
2023-05-18,24,13,19,27,17
2023-05-19,23,13,19,27,17
2023-05-22,22,13,20,28,17
2023-05-23,22,14,19,28,17
2023-05-24,22,14,19,28,17
2023-05-25,22,14,19,28,18
2023-05-26,23,14,18,28,18
2023-05-30,23,14,18,28,18
2023-05-31,23,14,18,28,18
2023-06-01,23,14,18,28,18
2023-06-02,22,12,19,28,19
2023-06-05,22,12,19,28,19
2023-06-06,23,11,19,29,19
2023-06-07,23,11,18,29,19
2023-06-08,22,12,19,30,18
2023-06-09,21,12,18,30,19
2023-06-12,23,12,17,29,19
2023-06-13,22,12,18,30,19
2023-06-14,22,12,17,30,19
2023-06-15,21,11,18,30,19
2023-06-16,24,12,17,29,18
2023-06-20,23,12,17,29,19
2023-06-21,24,12,16,29,18
2023-06-22,24,12,16,31,17
2023-06-23,25,12,16,30,17
2023-06-26,26,12,15,30,17
2023-06-27,26,12,15,29,19
2023-06-28,26,12,15,29,19
2023-06-29,26,12,15,30,17
2023-06-30,27,12,15,29,17
2023-07-03,26,12,15,30,17
2023-07-05,26,12,15,30,17
2023-07-06,29,11,15,29,16
2023-07-07,28,11,15,29,17
2023-07-10,28,11,15,29,17
2023-07-11,28,11,15,29,17
2023-07-12,28,11,15,29,17
2023-07-13,28,11,15,29,17
2023-07-14,29,11,15,29,16
2023-07-17,30,11,15,28,16
2023-07-18,30,11,15,28,17
2023-07-19,30,11,15,28,16
2023-07-20,31,11,14,29,16
2023-07-21,30,11,14,29,16
2023-07-24,31,11,14,28,16
2023-07-25,31,11,14,28,16
2023-07-26,29,11,14,30,16
2023-07-27,28,11,14,30,16
2023-07-28,27,11,14,32,16
2023-07-31,26,11,14,32,16
2023-08-01,25,11,14,32,18
2023-08-02,27,11,13,30,19
2023-08-03,28,11,13,30,18
2023-08-04,29,11,13,31,17
2023-08-07,29,11,13,32,16
2023-08-08,29,11,13,32,16
2023-08-09,30,11,12,31,16
2023-08-10,30,11,13,32,15
2023-08-11,30,11,12,31,16
2023-08-14,30,11,12,31,16
2023-08-15,31,11,12,30,16
2023-08-16,32,11,12,30,16
2023-08-17,31,11,12,30,16
2023-08-18,32,11,12,30,15
2023-08-21,34,11,11,29,15
2023-08-22,34,11,11,29,15
2023-08-23,33,11,12,30,14
2023-08-24,34,11,11,29,14
2023-08-25,35,11,12,29,13
2023-08-28,34,11,12,29,13
2023-08-29,35,11,12,29,14
2023-08-30,34,11,12,29,14
2023-08-31,34,11,12,29,14
2023-09-01,35,12,11,29,12
2023-09-05,35,12,11,29,12
2023-09-06,35,13,11,28,12
2023-09-07,36,13,11,27,12
2023-09-08,38,13,11,26,12
2023-09-11,38,13,11,26,12
2023-09-12,38,13,11,26,12
2023-09-13,38,13,11,26,12
2023-09-14,38,13,11,26,12
2023-09-15,38,13,11,26,12
2023-09-18,38,13,11,26,12
2023-09-19,39,13,10,26,12
2023-09-20,40,13,11,25,12
2023-09-21,42,13,11,24,11
2023-09-22,41,13,11,24,11
2023-09-25,41,13,11,24,11
2023-09-26,41,13,11,24,11
2023-09-27,39,14,12,25,11
2023-09-28,39,14,11,24,12
2023-09-29,37,14,12,25,12
2023-10-02,37,14,12,26,12
2023-10-03,38,14,12,25,12
2023-10-04,38,14,12,25,11
2023-10-05,38,14,11,25,11
2023-10-06,38,15,11,24,11
2023-10-09,35,16,12,26,11
2023-10-10,37,16,12,25,11
2023-10-11,36,16,12,26,10
2023-10-12,37,15,12,26,10
2023-10-13,28,18,14,30,11
2023-10-16,29,17,14,29,11
2023-10-17,29,17,14,29,11
2023-10-18,28,17,15,29,11
2023-10-19,28,16,15,29,11
2023-10-20,29,16,15,29,11
2023-10-23,29,16,15,29,11
2023-10-24,29,16,15,29,11
2023-10-25,32,16,14,28,11
2023-10-26,32,17,14,27,10
2023-10-27,31,17,14,28,10
2023-10-30,32,17,14,27,11
2023-10-31,31,17,14,27,11
2023-11-01,32,17,14,27,11
2023-11-02,34,16,14,26,11
2023-11-03,34,14,14,26,11
2023-11-06,34,14,14,26,11
2023-11-07,34,14,14,26,11
2023-11-08,33,14,15,27,11
2023-11-09,34,14,15,27,11
2023-11-10,34,14,15,26,11
2023-11-13,33,14,15,27,11
2023-11-14,35,11,15,27,11
2023-11-15,35,11,15,27,11
2023-11-16,35,11,16,27,11
2023-11-17,34,11,16,27,11
2023-11-20,35,11,16,27,11
2023-11-21,34,11,16,28,12
2023-11-22,33,11,17,28,11
2023-11-24,33,11,17,28,11
2023-11-27,33,11,17,29,11
2023-11-28,31,11,18,29,11
2023-11-29,31,11,18,30,11
2023-11-30,31,11,18,30,11
2023-12-01,30,10,18,30,11
2023-12-04,28,11,18,31,11
2023-12-05,28,11,19,31,11
2023-12-06,28,11,19,31,11
2023-12-07,28,11,18,31,11
2023-12-08,27,11,19,32,11
2023-12-11,27,11,19,32,11
2023-12-12,27,11,19,32,11
2023-12-13,26,11,20,33,11
2023-12-14,25,10,20,33,10
2023-12-15,25,10,21,34,11
2023-12-18,25,10,21,34,11
2023-12-19,25,10,21,34,10
2023-12-20,24,10,21,34,11
2023-12-21,24,10,21,34,11
2023-12-22,24,10,21,34,11
2023-12-26,24,9,21,35,11
2023-12-27,24,9,21,35,11
2023-12-28,24,9,21,35,11
2023-12-29,25,9,21,35,11
2024-01-02,26,9,20,34,11
2024-01-03,25,9,20,35,11
2024-01-04,25,9,21,35,11
2024-01-05,25,9,21,35,11
2024-01-08,25,9,20,35,11
2024-01-09,26,8,20,34,11
2024-01-10,26,9,20,34,11
2024-01-11,26,8,20,34,12
2024-01-12,25,9,20,34,13
2024-01-16,29,8,19,32,12
2024-01-17,28,8,19,33,12
2024-01-18,28,8,19,32,12
2024-01-19,28,8,18,33,12
2024-01-22,28,8,18,33,12
2024-01-23,27,8,19,34,12
2024-01-24,27,8,19,34,12
2024-01-25,27,8,19,34,12
2024-01-26,25,8,20,35,12
2024-01-29,24,7,21,36,12
2024-01-30,24,7,20,36,12
2024-01-31,26,7,20,35,12
2024-02-01,26,7,20,34,12
2024-02-02,26,7,20,35,12
2024-02-05,25,7,20,36,11
2024-02-06,24,8,20,37,11
2024-02-07,25,8,20,36,11
2024-02-08,25,8,20,36,11
2024-02-09,25,7,20,36,12
2024-02-12,25,7,20,36,12
2024-02-13,25,7,20,36,12
2024-02-14,25,6,20,36,12
2024-02-15,24,7,21,37,12
2024-02-16,24,7,20,37,12
2024-02-20,24,7,20,36,13
2024-02-21,25,7,20,36,13
2024-02-22,26,8,19,34,14
2024-02-23,27,8,19,34,13
2024-02-26,27,8,19,34,13
2024-02-27,27,8,19,34,13
2024-02-28,27,7,18,34,14
2024-02-29,28,7,18,33,13
2024-03-01,26,8,18,34,14
2024-03-04,25,8,18,34,15
2024-03-05,27,8,17,33,15
2024-03-06,29,8,17,32,14
2024-03-07,29,8,16,31,15
2024-03-08,29,8,16,31,16
2024-03-11,29,8,16,31,16
2024-03-12,30,8,16,31,16
2024-03-13,31,8,15,30,16
2024-03-14,31,8,16,31,15
2024-03-15,33,8,14,29,16
2024-03-18,32,8,14,28,17
2024-03-19,33,8,14,28,17
2024-03-20,33,8,14,28,18
2024-03-21,33,8,14,28,18
2024-03-22,31,8,14,29,17
2024-03-25,31,8,14,30,17
2024-03-26,31,8,14,29,17
2024-03-27,32,8,14,29,17
2024-03-28,30,8,14,29,18
2024-04-01,31,8,14,30,17
2024-04-02,29,8,14,30,18
2024-04-03,29,8,15,30,18
2024-04-04,29,9,15,29,18
2024-04-05,28,9,15,30,18
2024-04-08,28,9,15,29,19
2024-04-09,28,9,15,30,18
2024-04-10,28,9,16,30,17
2024-04-11,26,9,16,31,18
2024-04-12,26,9,16,30,19
2024-04-15,26,9,16,30,19
2024-04-16,26,9,16,29,19
2024-04-17,27,9,15,30,19
2024-04-18,27,9,15,30,19
2024-04-19,27,9,15,30,19
2024-04-22,23,10,16,31,20
2024-04-23,24,10,16,30,20
2024-04-24,24,10,16,30,20
2024-04-25,24,10,15,30,20
2024-04-26,24,10,15,30,21
2024-04-29,24,10,15,30,21
2024-04-30,23,10,15,29,22
2024-05-01,22,11,16,30,21
2024-05-02,22,10,15,30,23
2024-05-03,22,10,15,30,24
2024-05-06,22,10,14,29,26
2024-05-07,21,10,14,28,26
2024-05-08,21,10,14,29,26
2024-05-09,21,10,14,29,26
2024-05-10,20,10,15,29,26
2024-05-13,20,11,15,29,26
2024-05-14,19,12,14,29,26
2024-05-15,19,13,14,29,25
2024-05-16,19,14,14,29,25
2024-05-17,18,14,14,29,25
2024-05-20,18,14,14,29,25
2024-05-21,18,14,14,29,25
2024-05-22,16,14,15,31,24
2024-05-23,15,13,16,31,25
2024-05-24,15,13,15,31,25
2024-05-28,15,14,16,31,24
2024-05-29,15,14,16,31,24
2024-05-30,15,14,16,31,24
2024-05-31,16,14,16,31,24
2024-06-03,16,14,16,31,23
2024-06-04,16,13,17,32,23
2024-06-05,16,13,16,31,23
2024-06-06,16,13,17,32,23
2024-06-07,13,13,18,34,22
2024-06-10,13,13,18,34,22
2024-06-11,13,13,18,34,21
2024-06-12,13,13,18,34,21
2024-06-13,13,13,18,34,21
2024-06-14,13,13,19,35,21
2024-06-17,13,13,19,35,21
2024-06-18,13,13,19,35,20
2024-06-20,13,14,19,35,20
2024-06-21,12,14,19,35,20
2024-06-24,13,14,18,35,20
2024-06-25,13,14,18,35,20
2024-06-26,12,14,18,36,20
2024-06-27,12,15,18,36,20
2024-06-28,13,15,18,36,19
2024-07-01,13,15,18,36,19
2024-07-02,13,16,18,36,18
2024-07-03,13,16,18,36,18
2024-07-05,12,16,18,37,17
2024-07-08,12,15,18,37,18
2024-07-09,12,15,18,37,18
2024-07-10,12,15,18,37,18
2024-07-11,12,14,16,37,20
2024-07-12,13,14,17,37,20
2024-07-15,12,13,17,39,18
2024-07-16,12,11,18,41,18
2024-07-17,13,12,16,40,20
2024-07-18,13,12,16,39,20
2024-07-19,13,12,16,39,20
2024-07-22,12,11,17,39,20
2024-07-23,13,11,17,39,19
2024-07-24,15,12,15,37,21
2024-07-25,14,12,15,37,22
2024-07-26,15,12,15,36,22
2024-07-29,14,12,16,37,22
2024-07-30,14,12,15,36,22
2024-07-31,14,12,14,37,22
2024-08-01,15,12,14,36,23
2024-08-02,17,11,15,36,21
2024-08-05,18,11,15,32,24
2024-08-06,18,12,15,33,22
2024-08-07,19,12,15,33,22
2024-08-08,19,12,15,31,23
2024-08-09,20,12,15,31,23
2024-08-12,19,12,15,31,23
2024-08-13,20,12,14,30,24
2024-08-14,20,12,14,30,24
2024-08-15,21,12,14,30,24
2024-08-16,20,12,14,30,24
2024-08-19,20,12,14,30,25
2024-08-20,20,12,14,30,25
2024-08-21,20,11,14,30,25
2024-08-22,21,12,14,30,24
2024-08-23,22,11,13,29,24
2024-08-26,22,11,13,29,24
2024-08-27,22,11,13,29,25
2024-08-28,22,11,13,29,25
2024-08-29,22,11,13,29,25
2024-08-30,22,11,13,29,25
2024-09-03,23,11,13,28,26
2024-09-04,23,11,12,28,26
2024-09-05,23,11,13,28,26
2024-09-06,23,11,12,27,26
2024-09-09,27,10,11,25,26
2024-09-10,28,10,11,25,26
2024-09-11,28,10,11,24,27
2024-09-12,27,10,11,25,27
2024-09-13,27,10,11,24,28
2024-09-16,27,10,11,24,28
2024-09-17,27,10,11,24,28
2024-09-18,27,10,11,25,28
2024-09-19,27,10,11,24,28
2024-09-20,28,10,11,24,28
2024-09-23,28,10,11,24,28
2024-09-24,27,10,11,24,28
2024-09-25,28,10,11,24,28
2024-09-26,28,10,11,23,28
2024-09-27,27,9,11,23,30
2024-09-30,26,9,10,23,32
2024-10-01,26,9,10,23,32
2024-10-02,26,9,10,22,32
2024-10-03,26,9,10,22,31
2024-10-04,28,9,10,22,31
2024-10-07,28,9,10,22,31
2024-10-08,27,9,10,22,31
2024-10-09,28,10,10,22,30
2024-10-10,28,10,10,22,30
2024-10-11,27,10,10,22,31
2024-10-14,28,10,10,21,31
2024-10-15,28,10,10,21,30
2024-10-16,28,10,10,21,30
2024-10-17,30,10,10,21,28
2024-10-18,29,10,10,22,28
2024-10-21,30,10,11,22,27
2024-10-22,28,10,11,23,26
2024-10-23,29,10,11,23,27
2024-10-24,29,10,11,23,26
2024-10-25,29,11,11,23,26
2024-10-28,29,10,11,23,26
2024-10-29,29,10,12,23,26
2024-10-30,29,11,12,23,25
2024-10-31,25,11,11,22,31
2024-11-01,24,11,12,25,28
2024-11-04,24,11,11,25,28
2024-11-05,25,11,11,24,29
2024-11-06,23,10,13,27,27
2024-11-07,22,10,13,27,27
2024-11-08,23,10,13,27,26
2024-11-11,21,10,14,29,26
2024-11-12,21,10,14,29,26
2024-11-13,20,10,15,30,25
2024-11-14,22,10,15,30,25
2024-11-15,22,10,14,29,25
2024-11-18,21,10,14,29,26
2024-11-19,21,10,14,29,26
2024-11-20,21,10,14,29,26
2024-11-21,21,10,14,29,25
2024-11-22,20,10,14,30,26
2024-11-25,18,11,15,32,24
2024-11-26,18,11,16,32,23
2024-11-27,19,11,16,32,23
2024-11-29,19,11,16,32,23
2024-12-02,17,11,16,34,22
2024-12-03,17,11,16,34,23
2024-12-04,17,11,16,34,22
2024-12-05,16,11,17,35,21
2024-12-06,16,10,17,36,21
2024-12-09,16,10,17,36,21
2024-12-10,15,10,18,36,21
2024-12-11,16,10,17,36,20
2024-12-12,15,11,17,36,20
2024-12-13,15,11,18,36,20
2024-12-16,15,11,17,36,20
2024-12-17,15,11,17,36,21
2024-12-18,17,10,17,33,23
2024-12-19,17,10,17,33,22
2024-12-20,17,11,17,32,22
2024-12-23,18,11,17,32,22
2024-12-24,18,11,17,32,23
2024-12-26,18,11,17,32,23
2024-12-27,18,11,17,31,23
2024-12-30,19,11,17,31,23
2024-12-31,19,11,17,31,23
2025-01-02,18,11,17,31,23
2025-01-03,18,11,16,30,24
2025-01-06,18,11,16,30,24
2025-01-07,18,11,16,30,24
2025-01-08,18,11,16,31,24
2025-01-10,19,11,16,30,24
2025-01-13,19,11,16,30,24
2025-01-14,19,11,16,30,24
2025-01-15,19,11,16,30,24
2025-01-16,19,11,16,30,24
2025-01-17,19,11,16,29,25
2025-01-21,19,11,16,29,25
2025-01-22,19,11,15,29,25
2025-01-23,19,11,15,29,26
2025-01-24,19,11,15,28,26
2025-01-27,20,12,15,28,26
2025-01-28,20,12,14,28,26
2025-01-29,20,12,14,28,26
2025-01-30,19,12,14,28,27
2025-01-31,19,12,15,28,26
2025-02-03,20,12,15,28,26
2025-02-04,19,11,15,29,25
2025-02-05,19,11,15,29,25
2025-02-06,19,11,15,29,26
2025-02-07,19,11,15,29,26
2025-02-10,18,14,14,28,26
2025-02-11,19,14,14,28,26
2025-02-12,19,14,14,28,26
2025-02-13,21,14,13,28,24
2025-02-14,20,14,13,27,25
2025-02-18,20,14,13,27,25
2025-02-19,20,14,13,28,25
2025-02-20,19,14,14,28,24
2025-02-21,21,13,14,27,25
2025-02-24,21,14,14,27,25
2025-02-25,21,14,14,27,24
2025-02-26,21,14,14,27,24
2025-02-27,21,15,13,27,24
2025-02-28,24,15,12,24,26
2025-03-03,24,14,12,24,27
2025-03-04,24,14,12,23,26
2025-03-05,25,14,12,23,27
2025-03-06,26,14,11,22,27
2025-03-07,25,14,11,22,27
2025-03-10,26,14,11,21,29
2025-03-11,26,14,11,21,29
2025-03-12,26,14,11,20,29
2025-03-13,26,14,11,20,29
2025-03-14,27,13,10,19,30
2025-03-17,27,13,10,19,30
2025-03-18,28,13,10,19,31
2025-03-19,29,12,10,18,31
2025-03-20,28,12,10,18,31
2025-03-21,28,13,10,18,31
2025-03-24,29,13,10,18,29
2025-03-25,29,13,10,18,30
2025-03-26,29,13,10,18,30
2025-03-27,28,13,10,18,31
2025-03-28,29,13,10,18,30
2025-03-31,29,13,10,18,30
2025-04-01,29,14,10,18,30
2025-04-02,29,13,10,18,30
2025-04-03,32,10,9,15,34
2025-04-04,32,10,8,12,38
2025-04-07,32,11,9,14,34
2025-04-08,33,11,9,14,32
2025-04-09,34,9,6,9,41
2025-04-10,35,10,7,9,40
2025-04-11,34,10,7,9,40
2025-04-14,34,10,7,9,40
2025-04-15,34,10,7,9,40
2025-04-16,31,10,7,9,42
2025-04-17,31,10,7,10,42
2025-04-21,30,11,7,10,42
2025-04-22,30,11,7,10,43
2025-04-23,28,11,7,10,44
2025-04-24,28,11,7,10,44
2025-04-25,28,11,7,10,44
2025-04-28,28,11,7,10,44
2025-04-29,28,11,7,10,44
2025-04-30,28,11,7,10,44
2025-05-01,27,11,8,10,44
2025-05-02,27,11,8,10,44
2025-05-05,26,11,8,10,45
2025-05-06,25,11,8,11,46
2025-05-07,24,11,8,10,47
2025-05-08,23,11,8,11,47
2025-05-09,23,11,8,11,47
2025-05-12,23,11,8,10,48
2025-05-13,23,11,8,10,48
2025-05-14,22,11,8,10,49
2025-05-15,21,11,8,10,50
2025-05-16,21,11,8,10,50
2025-05-19,21,11,7,10,51
2025-05-20,21,11,8,10,51
2025-05-21,21,11,8,10,50
2025-05-22,21,11,8,10,50
2025-05-23,20,11,8,10,50
2025-05-27,20,11,8,10,51
2025-05-28,20,11,8,10,51
2025-05-29,21,11,8,10,51
2025-05-30,20,11,8,10,51
2025-06-02,20,11,8,10,51
2025-06-03,19,11,8,10,52
2025-06-04,20,11,8,11,51
2025-06-05,20,11,8,11,51
2025-06-06,20,11,8,11,50
2025-06-09,19,11,8,11,50
2025-06-10,19,11,8,11,50
2025-06-11,19,11,8,11,50
2025-06-12,20,11,9,11,50
2025-06-13,20,11,9,11,49
2025-06-16,19,11,9,11,49
2025-06-17,20,12,9,11,49
2025-06-18,20,12,9,11,49
2025-06-20,20,12,9,11,49
2025-06-23,20,12,9,11,49
2025-06-24,19,12,9,11,49
2025-06-25,19,12,9,11,49
2025-06-26,19,12,9,11,49
2025-06-27,19,12,9,11,49
2025-06-30,19,12,9,11,49
2025-07-01,19,12,9,11,49
2025-07-02,19,12,9,11,50
2025-07-03,19,12,9,11,49
2025-07-07,18,13,10,12,47
2025-07-08,17,14,10,13,45
2025-07-09,17,13,10,13,48
2025-07-10,16,13,9,12,49
2025-07-11,13,16,16,21,35
2025-07-14,11,16,16,23,34
2025-07-15,11,15,17,23,34
2025-07-16,11,15,17,24,34
2025-07-17,11,15,17,24,34
2025-07-18,11,14,18,25,32
2025-07-21,11,14,18,25,32
2025-07-22,11,13,18,26,31
2025-07-23,10,13,19,28,30
2025-07-24,11,12,19,28,30
2025-07-25,10,12,20,29,28
2025-07-28,10,12,21,29,28
2025-07-29,10,12,21,29,27
2025-07-30,10,12,21,29,27
2025-07-31,10,12,21,29,28
2025-08-01,11,12,20,28,28
2025-08-04,11,12,20,28,29
2025-08-05,12,12,20,28,29
2025-08-06,13,12,19,28,28
2025-08-07,13,12,19,28,28
2025-08-08,13,12,19,27,28
2025-08-11,13,12,19,27,28
2025-08-12,12,11,22,31,24
2025-08-13,12,10,23,31,24
2025-08-14,13,10,23,30,24
2025-08-15,13,10,22,30,24
2025-08-18,14,10,22,30,24
2025-08-19,14,10,21,30,24
2025-08-20,15,10,21,30,24
2025-08-21,14,10,20,31,24
2025-08-22,14,9,20,31,25
2025-08-25,15,9,21,30,25
2025-08-26,15,9,21,32,24
2025-08-27,14,9,21,32,24
2025-08-28,14,9,21,32,24
2025-08-29,15,9,20,32,24
2025-09-02,15,9,20,32,24
2025-09-03,15,9,20,32,24
2025-09-04,15,9,20,31,25
2025-09-05,15,9,21,32,24
2025-09-08,15,9,21,32,23
2025-09-09,15,9,21,32,23
2025-09-10,15,9,21,32,23
2025-09-11,15,9,21,32,23
2025-09-12,15,9,21,32,23
2025-09-15,15,9,21,33,23
2025-09-16,15,8,21,32,23
2025-09-17,14,8,21,33,24
2025-09-18,15,8,21,33,23
2025-09-19,15,8,21,33,23
2025-09-22,14,8,21,34,23
2025-09-23,14,8,22,34,22
2025-09-24,14,8,22,34,22
2025-09-25,14,8,22,34,22
2025-09-26,15,8,21,33,22
2025-09-29,15,8,21,33,23
2025-09-30,15,8,22,33,22
2025-10-01,15,8,22,33,23
2025-10-02,14,8,22,33,23
2025-10-03,14,8,22,34,23
2025-10-06,14,8,22,34,22
2025-10-07,14,8,22,34,23
2025-10-08,13,8,21,34,23
2025-10-09,12,8,21,34,25
2025-10-10,15,9,18,29,29
2025-10-13,15,9,17,29,31
2025-10-14,15,9,17,29,31
2025-10-15,14,9,17,29,31
2025-10-16,14,9,18,29,31
2025-10-17,13,9,18,29,32
2025-10-20,11,9,18,29,33
2025-10-21,7,9,18,30,34
2025-10-22,8,9,18,30,35
2025-10-23,8,9,18,30,34
2025-10-24,8,9,18,30,35
2025-10-27,7,9,17,29,39
2025-10-28,7,9,16,28,39
2025-10-29,7,9,17,29,37
2025-10-30,7,9,17,29,38
2025-10-31,7,9,17,30,37
2025-11-03,7,9,17,31,36
2025-11-04,7,9,16,30,38
2025-11-05,7,9,17,31,37
2025-11-06,7,9,16,31,37
2025-11-07,7,9,16,31,37
2025-11-10,7,10,15,30,38
2025-11-11,7,10,15,30,38
2025-11-12,7,10,15,29,39
2025-11-13,7,10,15,28,41
2025-11-14,7,10,15,28,40
2025-11-17,7,10,15,28,41
2025-11-18,7,10,15,27,41
2025-11-19,7,10,15,27,41
2025-11-20,7,11,14,27,42
2025-11-21,7,10,14,27,42
2025-11-24,7,10,13,26,43
2025-11-25,7,10,13,26,44
2025-11-26,7,10,13,26,44
2025-11-28,7,10,13,26,44
2025-12-01,7,10,14,26,43
2025-12-02,7,10,13,26,44
2025-12-03,7,9,13,26,44
2025-12-04,7,9,13,25,47
2025-12-05,7,8,12,24,49
2025-12-08,7,8,12,24,49
2025-12-09,6,8,12,23,50
2025-12-10,6,8,12,23,50
2025-12-11,6,8,12,23,50
2025-12-12,7,8,12,23,50
2025-12-15,7,8,12,23,50
2025-12-16,7,8,12,24,49
2025-12-17,7,9,11,22,51
2025-12-18,7,9,11,22,51
2025-12-19,7,9,11,22,51
2025-12-22,7,9,11,22,52
2025-12-23,7,9,11,22,52
2025-12-24,7,9,11,22,52
2025-12-26,7,9,11,22,51
2025-12-29,6,9,11,22,53
2025-12-30,6,9,11,22,53
2025-12-31,6,9,11,22,52
2026-01-02,6,9,11,22,52
2026-01-05,6,9,11,22,52
2026-01-06,6,8,11,22,53
2026-01-07,6,9,11,22,53
2026-01-08,6,9,11,22,53
2026-01-09,6,9,11,22,52
2026-01-12,5,8,11,24,52
2026-01-13,5,9,12,24,50
2026-01-14,5,9,12,24,50
2026-01-15,5,9,12,24,50
2026-01-16,5,9,11,24,50
2026-01-20,5,10,12,23,50
2026-01-21,6,10,12,24,49
2026-01-22,8,10,11,23,48
2026-01-23,8,10,12,23,48
2026-01-26,8,10,12,23,48
2026-01-27,7,10,12,24,47
2026-01-28,7,10,12,24,47
2026-01-29,7,10,12,24,47
2026-01-30,4,10,12,24,50
2026-02-02,3,10,12,25,50
2026-02-03,3,10,12,25,50
2026-02-04,3,10,12,25,51
2026-02-05,3,10,13,25,49
2026-02-06,3,9,12,23,53
2026-02-09,3,9,12,23,54
2026-02-10,3,9,12,24,51
2026-02-11,3,9,13,25,50
2026-02-12,3,9,13,25,49
2026-02-13,3,9,13,25,49
2026-02-17,3,10,13,26,48
2026-02-18,3,10,13,26,48
2026-02-19,3,10,13,26,48
2026-02-20,3,10,13,26,47
2026-02-23,3,10,13,26,48
2026-02-24,3,10,14,27,47
2026-02-25,3,11,13,27,46
2026-02-26,2,11,14,27,45
2026-02-27,2,11,14,28,44
2026-03-02,2,11,15,29,43
2026-03-03,2,11,15,28,44
2026-03-04,2,11,14,27,46
2026-03-05,2,10,14,27,46
2026-03-06,2,10,14,27,47
2026-03-09,2,10,14,27,47
2026-03-10,2,11,14,27,46
2026-03-11,3,11,15,28,44
2026-03-12,3,11,14,27,45
2026-03-13,3,11,14,27,45
2026-03-16,3,11,14,27,45
2026-03-17,2,11,15,27,45
2026-03-18,2,11,15,26,45
2026-03-19,2,11,15,26,45
2026-03-20,3,12,16,28,42
2026-03-23,3,11,16,28,42
2026-03-24,2,11,17,28,42
2026-03-25,3,11,17,29,41
2026-03-26,3,11,16,28,42
2026-03-27,3,11,16,27,43
2026-03-30,3,12,16,28,41
2026-03-31,3,11,15,25,46
2026-04-01,3,11,15,25,46
2026-04-02,3,11,15,25,46
2026-04-06,3,11,15,25,46
2026-04-07,3,12,15,25,46
2026-04-08,3,11,14,23,48
2026-04-09,3,11,14,23,49
2026-04-10,3,11,14,23,49
